:0200000480007A
:1A00200000A03CFF4E414E0073646820737468A0036568CA0BC30030009098
:20003C006E616E000F05D011174580010B00D0010F00B02142218B0101110F2010006B0529
:20005C00002000903256FF0626003B00FEFF3FF617000F6510308B06026017458026009064
:20007C003256FF0618003B00FEFF3FF60F000F6500308B060260174580260090A2F6370546
:20009C00C13F0F6510200090A2F682030F6500200090DA207FF60700174580360F640020B4
:2000BC000090A2F682020F6400300090494E4600696E6600FFFFFFFFFFFFFF7F356D735F3F
:0500DC005441534B00EC
:0400E4000000000018
:20010000910000F8D9FF00D30D00000202F4DC0F00000000000000000000000000000000BB
:20012000910000F8D9FF3CB30D00000202F4DC0F000000000000000000000000000000007F
:20014000910000F8D9FF38A30D00000202F4DC0F0000000000000000000000000000000073
:20016000910000F8D9FF349302F4DC0F000000000000000000000000000000000000000076
:20018000910000F8D9FF30830D00000202F4DC0F000000000000000000000000000000005B
:2001A000910000F8D9FF2C730D00000202F4DC0F000000000000000000000000000000004F
:2001C000910000F8D9FF06F30D00000202F4DC0F00000000000000000000000000000000D5
:2001E000910000F8D9FF04E30D00000202F4DC0F0090000000000000000000000000000037
:20020000820C822D3C130757FFCF8755BFDFCE57460546048B1480408B05A050CE77460781
:2002200046068B1680608B07A07082028203820082013A260B2700F26E023C4F0B6430F132
:200240000B7500F20B75A0F26E04024002513C453A640B7500F26E0382123C3F3B0004E0E3
:200260000B6030F10B7100F20B71A0F2DE1087559FFF06116701801F8B1FE00602480259BB
:2002800006156745805F0614C2FE3CEB0284029506F067101F0006F1C21E82087AE86E1DC0
:2002A00087559FFF06116701801F8B1FE0060B60C0A00B71D0B007BB9FFF06156745805F49
:2002C000061406136723803F8B1FE0266E0302A002B1C2183FE8E67F76C7460346028B125B
:1E02E00080208B03A030DF2D0B00071DE0FF76F7460146008B1080008B01A010009007
:20030000820C822D3C130757FFCF8755BFDFCE57460546048B1480408B05A050CE77460780
:2003200046068B1680608B07A07082028203820082013A260B2700F26E023C4F0B6430F131
:200340000B7500F20B75A0F26E04024002513C453A640B7500F26E0382123C3F3B0004E0E2
:200360000B6030F10B7100F20B71A0F2DE1087559FFF06116701801F8B1FE00602480259BA
:2003800006156745805F0614C2FE3CEB0284029506F067101F0006F1C21E82087AE86E1DBF
:2003A00087559FFF06116701801F8B1FE0060B60C0A00B71D0B007BB9FFF06156745805F48
:2003C000061406136723803F8B1FE0266E0302A002B1C2183FE8E67F76C7460346028B125A
:2003E00080208B03A030DF2D0B00071DE0FF76F7460146008B1080008B01A010020202137B
:2004000000903B00034040F440C5007074DF3B00034040C4007061000E00370A6800DA0AE4
:200420004BF011020070610006003BE0024040C4007054DFC21F74DF007082083C1253883C
:2004400020F0910000F7D9FF28A410F282053B000260CC21C814092400086D00CE18C2180F
:20046000BF58EFFF910000F7D9FF10B4DA00C81F82003E0682103E0A82203E0E3C1309FFAD
:200480004548960289FF05483C0D09FF6548960289FF25483C0709FF4558960289FF055872
:2004A0003C0100906D005D006D003F006D0005006DFFC5FF0090209082083C3353C821F0F2
:2004C00010AF49F4000A91000057D95510B46D00ED1B53C821F010AF91000027D922000425
:2004E000012800261420370048F02CFC53C821F010AF91000027D922000401280026142FAE
:200500002CFF538820F0910000F7D9FF28A410F453C821F010AF49F5000A6D002F1AC218D2
:20052000BF58CEFF0090205849A4000A91000057D9551CB46D00051FDA002CA4DA002CA50C
:20054000DA0189AF0118DA0189AF2C0891000047D94410B449A5000A6D00B71B0090203058
:2005600049A4000A9120005F6D00561F91000047D9441CB449A5000A6D00171F0090820020
:200580003C3B538020F0910000F7D9FF28A410FFC81209228409081F534F20F0102F19F112
:2005A00000C03C013C01370168FC6F7FEC7F534020F0910000F7D9FF34B410FF74F153401A
:2005C00020F0910000F7D9FF20B410FF534020F091000027D92234B41022092FC008370F12
:2005E00070F04B0F61F1BB00001F9BF157144B1F51F074FFC210BF50C6FF0090910000F841
:20060000D9FF103009F040090B0410F10B1580F2EE08910000F8D9FF103009F240093C27A0
:200620004DC0E2FF370FE1F78B0F20F23C010D00400300003C013C0185F0100182030202EC
:2006400085F12C018200A620A6313C01910000F8D9FF103009F24009262026316E030D009B
:2006600000033C010B4040200B5150303C013C01910000F8D9FF103009F040090B0210F148
:200680000B1380F2EE03DA003C294DC0E2FF370FE1F78B0F20F23C010D00400300003C0118
:2006A0003C0185F010018205020485F12C018200A640A6513C01910000F8D9FF103009F40D
:2006C0004009264026516E030D0000033C010B2050F10B3100F20B1390F23C016ECA0090F7
:2006E0000248DF185680910000F7D9FF08C491000027D92220B454246D00C94634F2910085
:2007000000C7D9CC08C4910000F7D9FF20B448146D00BD4689C20108910000C7D9CC08C484
:20072000910000F7D9FF20B448246D00B04689C20208910000C7D9CC08C4910000F7D9FF38
:2007400020B448346D00A34689C20308910000C7D9CC08C4910000F7D9FF20B448446D00A7
:20076000964689C20408910000F7D9FF08C4DA002CF5910000F7D9FF08C4DA002CF6910066
:2007800000F7D9FF08C4DA002CF71D005201DF286780910000F7D9FF08C491000027D92284
:2007A00010C454246D00734634F2910000C7D9CC08C4910000F7D9FF10C448146D0067462E
:2007C00089C20108910000C7D9CC08C4910000F7D9FF10C448246D005A4689C20208910069
:2007E00000C7D9CC08C4910000F7D9FF10C448346D004D4689C20308910000F7D9FF08C48F
:2008000091000027D922100454246D0040462842910000F7D9FF08C491000027D922100449
:2008200054246D0034462852910000F7D9FF08C491000027D922100454246D00284628620F
:20084000910000F7D9FF08C491000027D922100454246D001C4628721D00EB00DF384C80D9
:20086000910000F7D9FF08C491000027D922105454246D000C4634F2910000F7D9FF08C4AC
:2008800091000027D922145454246D0000462812910000F7D9FF08C491000027D92218548D
:2008A00054246D00F4452822910000F7D9FF08C491000027D922185454246D00E845283219
:2008C000910000F7D9FF08C4DA002CF4910000F7D9FF08C4DA002CF5910000F7D9FF08C49F
:2008E000DA002CF6910000F7D9FF08C4DA002CF71D009F00DF484B80910000F7D9FF08C4F9
:2009000091000027D922105454246D00C04534F2910000F7D9FF08C491000027D922145469
:2009200054246D00B4452812910000F7D9FF08C491000027D922185454246D00A845282238
:20094000910000F7D9FF08C491000027D922185454246D009C452832910000F7D9FF08C400
:20096000DA002CF4910000F7D9FF08C4DA002CF5910000F7D9FF08C4DA002CF6910000F7A6
:20098000D9FF08C4DA002CF73C53DF585280910000F7D9FF08C491000027D9223CF4142FCC
:2009A00034FF910000F7D9FF08C491000027D9223CF40C212CF1910000F7D9FF08C49100EE
:2009C0000027D9223CF40C222CF2910000F7D9FF08C491000027D9223CF40C232CF391008B
:2009E00000F7D9FF08C491000027D9223CF40C242CF4910000F7D9FF08C491000027D9224A
:200A00003CF40C252CF5910000F7D9FF08C491000027D9223CF40C262CF6910000F7D9FF91
:200A200008C491000027D9223CF40C272CF702846D000300009082003C25DA044BF001220C
:200A4000534220F0910000F7D9FF540410FF91000027D92208C401200026142F8F8F2110D2
:200A6000DA044BF00122534220F091000027D92254041022092F1059068F42F189F110590C
:200A8000C210DA083FF0DB7F910000F7D9FF540489F432496D00E84000909100014F6D00F6
:200AA000E51C9100014F7B0008406D00241D910000F7D9FF20C49100014F820482156D0034
:200AC000891D74F291000047D94424C49100015F6D00B022910000F7D9FF24C491100028EC
:200AE000D922A40D142F2CF4910000F7D9FF24C491100028D922A40D092F01082CF5910037
:200B000000F7D9FF24C491000027D92220C4542F91000027D922080454204B0F51406D0079
:200B2000CC44A842910000F7D9FF24C491100028D922A40DE862910000F7D9FF24C4DA0191
:200B40002CFF910000F7D9FF24C4DA002CF691000047D94408D491000057D95524C46D00EA
:200B60001C2191000047D94408D482146D008D2291000047D94424C49100015F6D005A22FE
:200B8000910000F7D9FF24C491100028D922B80D142F2CF4910000F7D9FF24C49110002810
:200BA000D922B80D092F01082CF5910000F7D9FF24C491000027D92220C4542F91000027F9
:200BC000D922080454204B0F51406D007644A842910000F7D9FF24C491100028D922B80DCD
:200BE000E862910000F7D9FF24C4DA012CFF910000F7D9FF24C4DA002CF691000047D94424
:200C000008D491000057D95524C46D00C62091000047D94408D482146D00372291000047A2
:200C2000D94424C49100015F6D000422910000F7D9FF24C491100028D9228C1D142F2CF413
:200C4000910000F7D9FF24C491100028D9228C1D092F01082CF5910000F7D9FF24C49100A4
:200C60000027D92220C4542F91000027D922080454204B0F51406D002044A842910000F78A
:200C8000D9FF24C491100028D9228C1DE862910000F7D9FF24C4DA012CFF910000F7D9FF2F
:200CA00024C4DA002CF691000047D94408D491000057D95524C46D00702091000047D9448F
:200CC00008D482146D00E12191000047D94424C49100015F6D00AE21910000F7D9FF24C4E1
:200CE00091100028D922A01D142F2CF4910000F7D9FF24C491100028D922A01D092F010806
:200D00002CF5910000F7D9FF24C491000027D92220C4542F91000027D922080454204B0FC3
:200D200051406D00CA43A842910000F7D9FF24C491100028D922A01DE862910000F7D9FF4B
:200D400024C4DA012CFF910000F7D9FF24C4DA002CF691000047D94408D491000057D9557A
:200D600024C46D001A2091000047D94408D482146D008B2182043B401F506D0012008214DF
:200D80003B401F506D000D0082243B401F506D00080082343B401F506D00030000909100B9
:200DA00000F7D9FF24C43B803EF07F5F05803B803E503C0109FFC808E25F3B803E004B0F3E
:200DC0000122084F3B008000E20FD4FF10FF9110003030F3D93F00083704480080FF5300A2
:200DE0002400420F60FF3C016822534420F0910000F7D9FF10C410FF4B0261F174FF0090CC
:200E000020409100014F6D00311B9100014F82246D00711B49A4000A9100015F6D00111FD3
:200E2000911000F8D9FF64FDF80ADA0889AF2C0891000047D9441CD449A5000A6D001E1D0B
:200E400049A4000A9100015F6D00FB1E911000F8D9FF74FDF80ADA0889AF2C08910000F76A
:200E6000D9FF1CD449F4200A49A5000A6D00061D49A4000A9100015F6D00E31E911000F8CC
:200E8000D9FF840DF80ADA0889AF2C08910000F7D9FF1CD449F4001A49A5000A6D00EE1C83
:200EA00049A4000A9100015F6D00CB1E911000F8D9FF940DF80ADA0889AF2C08910000F70A
:200EC000D9FF1CD449F4201A49A5000A6D00D61C009082083C5D530822F0910000F7D9FFFC
:200EE0001CD410F46D00F51E530822F0910000F7D9FF1CD410FF481F3C014B0F41F109F089
:200F000016094B0F51003C01534820F0910000F7D9FF2CF410FF74F0534820F0910000F7F9
:200F2000D9FF1CF410FF7B00F8F34B0F51F074FF530822F0910000F7D9FF1CD410FF9100E9
:200F40000027D9220C044DC0E2FF370FE1F78B0F20023C010D00400300003C01482F534FB4
:200F600026F04B0F6111481F4B0F61F14BF1511008CF342F76030D0000033C01534820F034
:200F8000910000F7D9FF100410FF74F1C218BF48A47F0090765A914000FFD9FF004CDA0136
:200FA0000F4F10F06CF13C0A914000FFD9FF004C7B1000F00F4F10F06CF1914000FFD9FF5E
:200FC000004C489F570F61F46E03DA013C02DA003C017E5382123C0382023C0100909140BC
:200FE00000FFD9FF004C8240489F570F61F06E03DA013C02DA003C01910000F7D9FF3CF43D
:201000002CF2914000FFD9FF004C8250489F570F61F06E03DA013C02DA003C01910000F725
:20102000D9FF3CF42CF3914000FFD9FF004C8260489F570F61F06E03DA013C02DA003C0174
:20104000910000F7D9FF3CF42CF4914000FFD9FF004C8270489F570F61F06E03DA013C02D2
:20106000DA003C01910000F7D9FF3CF42CF5914000FFD9FF004CDA084890570061FF6E03D2
:20108000DA013C02DA003C01910000F7D9FF3CF42CF6914000FFD9FF004CDA094890570068
:2010A00061FF6E03DA013C02DA003C01910000F7D9FF3CF42CF700909140004FD944004C63
:2010C00082443B0008506D0020209140004FD944004C82543B0008506D0017209140004F54
:2010E000D944004C82643B0008506D000E209140004FD944004C82743B0008506D000520CF
:201100009140004FD944004C3B8000403B0008506D00FB1F9140004FD944004C3B9000409D
:201120003B0008506D00F11F914000FFD9FF004CDA01864F6CF1914000FFD9FF004CDA01CF
:20114000865F6CF1914000FFD9FF004CDA01866F6CF1914000FFD9FF004C7B1000F0867FB8
:201160006CF1914000FFD9FF004C7B1000F08F8F20F06CF1914000FFD9FF004C7B1000F0A9
:201180008F9F20F06CF1826482156DFF05FF827482156DFF01FF0090404F6D00E234022FFB
:2011A00002F46D00DE3314F0B700010034F002F46D00F7340090DA187FF40B00538420F066
:2011C000911000F8D9FF601D10FFD4F23C02A0023C0100902010094F4C18161F3C018200BF
:2011E0003E0782203E0782405F0F28003C2982023C298202911000F8D9FF1C5E49FF000A5C
:2012000049A2000AA0F404FF242FFC4E913000FF39FF0016160F6E0F82246D004E2E9130A5
:2012200000FF39FF0016160F10AF14FF4B0F61F14BF251203C013C066D00CD2C3C03820268
:201240003C013C01009082F282003C17538020F0911000F8D9FF601D10FFD4FF7D4F0D802F
:20126000538020F0911000F8D9FF601D10FF481F370F48203C05C210DA183FF0E9FF3C0120
:201280000090404F40F46DFFA7FF09FFD408370F6CF0C21F4B0F41F14BF251203C0100907B
:2012A00020606DFFD2FF911000F8D9FFF0CC49FF000A49A2000AC504170044FF642FFC4EFD
:2012C000534220F010AFD4F23C01009020606DFFBCFF911000F8D9FFD0EC49FF000A49A206
:2012E000000AC504170044FF642FFC4E534220F010AFD4F23C01009020606DFFA6FF9110BB
:2013000000F8D9FFF0FC49FF000A49A2000AC504170044FF642FFC4E534220F010AFD4F2A0
:201320003C0100902010404F0B541088026A89A7080909FF4C18161F78033C0140F46DFF84
:20134000A2FFC2188B4860F3370F68F074AF8B1A60F3370F68F0780154AF4B0F61F14BF929
:2013600041503BF026F19B3FA8F34BF5413082044B5251004B00716182108F461FF06E0DF2
:201380007B0018144B1941104B1251104B0171118F411FF06E023C010269821882074B0000
:2013A00061014B0241F04B0661014B0F51006B0031F582014B1F01F0AE046B0031B53C053C
:2013C0006B0031F567FFBFBF4B3B01F016038B0F20F26E028214822D3C39DF2D058082100F
:2013E000821E3C0773D70A004B8011028B1000E03C234B0D61A14BA241A0036D0AC04B0C45
:2014000061F14BFA51C06B0C31F5820A4BAF01F0AE046B0C31A53C056B0C31F567FFBFAF5F
:201420004BAB01F0370F61F16E0602AB02D8036D0A900207C2107F0EDEFF4B3B01F0160353
:201440008B0F20F26E023C09C21DF647736D0AF03BF0FF007FF0C3FF820440F46D0036007D
:2014600009FFE00837097000370F0CF089FFA00809FFE20837087000370F0CF089FFA20845
:2014800009F0560854AFC2FF370F68F037F004F089FF160809F05708580137F004F089FF7E
:2014A000170858026E03DA013C02DA0009F0570837F081F389FF170840F409A40C096D0052
:2014C000050082123C010090094F4C18374F05F0894F0C18F6493C01094F4F18370FE1F31E
:2014E0003C01EEFB3C093C01094F4F18370FE1F33C01DF1FFBFF0090494F041A3C05145F3C
:2015000074FFB015C2F4FF14FCFF02423C0100902008F4A4405DD4DFF44F40F46DFF3EFE8F
:20152000820440F46DFFD2FFDA0009F05A0837F002F089FF1A0809DFC80809F0D408C2FF6E
:20154000370F70F037F00CF0ACFA09D46C0840F46DFFBCFF09D4040909D54A0809D64D0822
:2015600009D74C0840F46DFFDFFE0228820440F46DFFACFF09DF7C086E0382103C02820090
:20158000087F370F01F22CF709DF56086E03DA013C02DA0009F05B0837F001F389FF1B089C
:2015A00009DF540809F05B0837F081F389FF1B0809DF510809F0590837F083F089FF190867
:2015C00009DF530809F05B0837F001F289FF1B0809DF550809F05C0837F004F089FF1C083E
:2015E00009D0580808CF370F02F32CFC09DF590809F0500837F002F389FF100809DF5008E2
:2016000009F0D80837F003F3ACFC09D05A0808DF8BF0200337006800370F04F02CFD09DF82
:201620005B0809F051088BFF20F3370F68F037F004F089FF110809D05D0808CF370F02F2AF
:201640002CFC09DF5E0809F0500837F002F289FF100809DF520809F05A0837F002F089FFCA
:201660001A0809DCA809BD0C7900D4CEBD0E280009C0040809C95D084CE16E2109E4840999
:2016800009E44808370068506D003F1D09E4840909E4480802956D00701DD4E2DA016E030B
:2016A00082103C0282000C27370F81F22C27D4E20CEC0920460837F002F02C2609CE8809A1
:2016C000BD0E1E0009C00C0809C95D084CE16E1709E4840909E44808370068506D00151D16
:2016E00009E4840909E4480802956D00461DD4E20CEC0920440837F003F02C2409CE9009CF
:20170000BD0E150009C5540809C95D0809E4840909E448080CECA6F56D00F71C09E4840944
:2017200009E4480802956D00281D09CE9809BD0E150009C55C0809C95D0809E4840909E4FB
:2017400048080CECA6F56D00E01C09E4840909E4480802956D00111D09D46C0840F46DFF63
:20176000B5FEDA0089FF001982FF6CFFDA00D4A22C2E09DF6D082E0CDA016E03DA013C02A9
:20178000DA0009F0421837F001F089FF021809DF6D082E1CDA016E03DA013C02DA0009F083
:2017A000421837F001F189FF021809DF6D082E2CDA016E03DA013C02DA0009F0431837F0A3
:2017C00001F189FF031809DF6D082E3CDA016E03DA013C02DA0009F0431837F081F189FFF9
:2017E000031809DF6D082E4CDA016E03DA013C02DA0009F0431837F001F389FF0318DA00CC
:201800002C2DDA002C2C09DF7D082C2FD20089205409DA006C240C2F82003E0482103E0460
:201820003C0682193C063BC000903C0382093C014CDC6E0C09D4B00909D4AE0802956D0028
:20184000B333D4A4894284093C0909D4AE0802956D009633D4A4894284094CDE6E0C09D4DC
:20186000B80909D4B40802956D009E33D4A4894288093C0909D4B40802956D008133D4A457
:201880008942880909D9660809DFE208EE03DF19228040F46DFF1CFD09DFE2081420370F3A
:2018A00068F037F008F0342F0C21379F83F12C210C2396022C23DA016E03DA013C02DA0035
:2018C00009F0431837F001F289FF03180C2196042C2109DFE008EE03DF19228040F46DFFE8
:2018E0000DFD09DFE0081420370F68F037F008F0342F0C21379F83F12C210C2396022C23E0
:20190000DA016E03DA013C02DA0009F0431837F081F389FF03180C2196042C2109DFE4080E
:201920006E2140F46DFFBEFC09DFE4081420370F68F037F008F0342F0C21379F83F12C21D2
:201940000C2396022C23DA016E03DA013C02DA0009F0421837F001F089FF02180C2196045E
:201960002C21DA016E03DA013C02DA0009F0500837F081F089FF1008DA016E0382103C0236
:20198000820008CF370F81F02CFC09FF5008960189FF100808CF96012CFC02823C01009091
:2019A000F445DA00894F3C08DA02894F2C08DA01AC447B107EF46C41DA032C4ADA002C4CF6
:2019C000DA032C4DDA00894F1008DA01894F1108DA01894F1208DA00894F1308DA00894FCF
:2019E0001608DA00894F1408DA07894F1508DA01894F1808DA01894F1908DA00894F1A08AA
:201A0000DA00894F1B08DA00894F1C08DA00894F1D08DA00894F1E08DA00894FA208DA0036
:201A2000894FA008DA00894FA408DA00894F2608DAFF894F2D08A00FEC4AA00FEC4EA00F85
:201A4000EC4CDA00894FAE08DA00894FB408DA00894F3D080090DA207FF40880DA010F4FC3
:201A600000F0894F18693C08DA018B041E000F0F00F0894F1C690090FF9403803C09FFD428
:201A80000580C2A406243C048B541F400644C2348FE41F203C0100900C462E570C462E435A
:201AA00082223C0282123C0282023C010090094F7D681607FF5F0680C22F534F20203C04D0
:201AC000C2DF530F21203C0100900B451088026ADA086DFFEEFF422FE2AF429842F860826E
:201AE0003C010090094F7C681607FF5F0680C22F534F20203C04C2DF530F21203C010090B8
:201B00000B451088026ADA086DFFEEFF422FE2AF429842F860823C010090094F7C68370FEF
:201B200063F2FF5F0680C22F534F20203C04C2DF530F21203C0100900B451088026ADA0812
:201B40006DFFEDFF422FE2AF429842F860823C010090534620F0425442F460423C01009084
:201B6000094F48781607FF5F0680C22F534F20203C04C2DF530F21203C0100900B45108840
:201B8000026ADA086DFFEEFF422FE2AF429842F860823C010090404C405F0258C82408CF91
:201BA0003704685002F46D00B01AC82408C402856D00E31A09CF401809F05008370F03F0A2
:201BC00089CF001882123C010090404F0258C82408CF09F55008A64502F46D00961AC82448
:201BE00008C402856D00C91A82123C010090405F494C080A6DFF42FF82003C0A534020F083
:201C000010F2534020F010C4544F742FC2103F20F7FF009020080B451088026A74A73B007C
:201C200020203B0010303B800040821582163B8000704B0961B18B030800C210821C3C40AC
:201C40004B0C41114B1851D04B0961114B1D51104B0131E1F6E23C364B0E41114B1D51D0EC
:201C60004B0961116B0131FD82014B1F01F0AE064B0961F16B0F311D3C074B0961F16B0FA1
:201C800031FD67FFBF1F7F4E03003C1C3FE018004B1B01F016068B0F20F26E1102C502E725
:201CA000021BDA143FEF0C00BBD0CCFC9BCFDCF34BF101F0370F61F06E023C04C21C7FC2C0
:201CC000C17FF6559A127EC302250207F6557F4E0400821502474B0A61F17B00E8034B0FF9
:201CE00041807F3703000273023402393C199A193B007102E2F04B7001220BA280000B00E6
:201D0000C0014B0041114B180110370161F16E0402944B0041817FA203003C04C2F9FF39FB
:201D2000E87F5A4792F3DA807F3F04003B000830FF23030082233B0000249BC26124821AE0
:201D40003C163B007102E2A04B70018254A00B0880000B00C0014B0041114B12011037012D
:201D600061F16E0402A64B004121C21A7FA3EB7F094FDE48C2F537057000370F09F0894FEA
:201D80009E48094F5F48C2F637066800370F87F0894F1F48094F5D48C2F437046800370F69
:201DA00008F0894F1D48094F5C48C2F337036800370F07F0894F1C480090094F1C4937049A
:201DC0006800370F87FC376F08F4375F07F0377F09F8894F1C49009020080B451088026AA3
:201DE00074A73B0002203B0002303B800040821582163B8000704B0961B18B030100C210E2
:201E0000821C3C404B0C41114B1851D04B0961114B1D51104B0131E1F6E23C364B0E411199
:201E20004B1D51D04B0961116B0131FD82014B1F01F0AE064B0961F16B0F311D3C074B0922
:201E400061F16B0F31FD67FFBF1F7F4E03003C1C3FE018004B1B01F016068B0F20F26E1147
:201E600002C502E7021BDA143FEF0C00BBD0CCFC9BCFDCF34BF101F0370F61F06E023C046D
:201E8000C21C7FC2C17FF6559A127EC302250207F6557F4E0400821502474B0A61F17B005D
:201EA000E8034B0F41807F3703000273023402393C199A193B007102E2F04B7001220BA26A
:201EC00080000B00C0014B0041114B180110370161F16E0402944B0041817FA203003C04A2
:201EE000C2F9FF39E87F5A4792F3DA107F3F04003B000130FF23030082233B0000249BC2C4
:201F00006124821A3C163B007102E2A04B70018254A00B0880000B00C0014B0041114B1293
:201F20000110370161F16E0402A64B004121C21A7FA3EB7F094F4E48C2F537056800370F48
:201F400005F0894F0E48094F4C48C2F637066800370F04F0894F0C48094F4D48C2F43704D1
:201F60006800370F05F0894F0D48094F4C48C2F337036800370F04F2894F0C480090094FFE
:201F80000C4937046800370F04F0376F05F4375F04F237076800370F05F8894F0C4900903E
:201FA000DA003E46DA01BE41DA02BE4B3C25094F5948B70F01F0894F1948094F5948B70FFB
:201FC00081F0894F19483C18094F59489601894F1948094F5948B70F81F0894F19483C0C89
:201FE000094F59489601894F1948094F59489602894F19483C010090DA003E46DA013E4DBD
:20200000DA02BE433C190C46B70F81F22C460C46B70F01F22C463C100C4696202C460C46FC
:20202000B70F01F22C463C080C4696202C460C4696102C463C010090FF840A804C4553444B
:2020400020000F051050A65F6C453C0D09401809DA084BF40122534320F00FF51050A6503F
:20206000894018090090405F494C080A6DFF06FD82003C0A534020F010C2534020F010F44D
:20208000544F742FC2103F20F7FF0090404F6D00682D022802846D00642C9110003030F311
:2020A000D9330008143FB70F01F09110003030F3D9330008343F3C019110003030F3D9334A
:2020C0000008143F370FE1F0BA0F3C016EF602846D00672D009082F282003C17538020F0E1
:2020E000911000F8D9FF50AD10FFD4FF7D4F0D80538020F0911000F8D9FF50AD10FF481F70
:20210000370F48203C04C210BF30EAFF3C0100906D0099253C0100902010024F6DFFDDFF99
:20212000911000F8D9FF604D49FF000A49A2000AA02444F06420FC4E534F2000534220F00D
:2021400010AFD4FF01F000263C010090911000303043D93330085430DA0137F0810FDA0190
:2021600037F0010F911000303043D93330087430DA003E48DA013E49DA023E4ADA033E4B70
:202180003C0D375002003C0A375002013C07375002023C04375002033C0191100030304382
:2021A000D93330087430DA0037F0810FDA0037F0010F911000303043D933300874300090D9
:2021C0002010911000F8D9FF6C4D49FF000A49A2000AA03544FF642FFC5E49AF000A4942CC
:2021E000000AA03444FF642FFC4E0090D45FF44FD44F9110003030F3D9330008143F370F17
:20220000E1F0BA0F3C011E14D4446DFF41FF0090911000F8D9FF7C4DD4FFF44FF445009048
:20222000405FD4F2F442820809FF04083B004000E20F1025911000303053D93C00483C01D6
:20224000894C840949F5001A49440C0AA046445F644FFC6E09FF0408370F684008554024B8
:202260006DFF76FF09CF58481601DE1709CF5848B70F81F089CF18483C0109CF58486F1F4F
:20228000FEFF09CF5848B70F01F089CF18483C0109CF58486F0FFEFF09CF5848960189CFC3
:2022A00018483C0109CF58481601DF1FFDFF09CF18498210370F01F08210370F81F089CF55
:2022C00018496DFF27FF022909FF55386E0B482509F6CC0809F7CE0840C402946DFF9CFC1E
:2022E0003C0C09F4CE0809F5530809F6520809F7D00840C46DFF63FD087F6E2909FF5538B6
:202300006E0B485509F6D80809F7DA0840C402946DFF64FD3C0C09F4DA0809F55F0809F6F4
:202320005E0809F7DC0840C46DFF2BFE09FF60086E0E09F0600809CF4E48968089CF0E483B
:2023400009CF4958370F07F089CF0958086F1E18086F1E26086F1E34086FDF4FAD8009FF03
:20236000670809C0487837F003F089CF087809FFD01809C0C07886EF37F00EF189CF807897
:2023800009FF64081E2809FF64081E3509FF6408DF4F488009FF650809C0427837F006F03D
:2023A00089CF027809FF64081E3509FF6408DF4F248009FF64085E3BDA006E025E1809C0A8
:2023C000437837F001F389CF03783C0109FF64085E4BDA016E025E1809C0437837F001F39A
:2023E00089CF03783C0109FF660809C0437837F006F089CF0378DA003C0C370F6810821071
:202400000F10000009C12079A60189C12079C21F09F0650809F1660842103F0FF0FF3C2D09
:2024200009FF64086E0509FF6408DF1F278009FF64086E025E1809C0437837F001F389CF4B
:2024400003783C0109FF660809C0437837F006F089CF0378DA003C0C370F681082100F1049
:20246000000009C12079A60189C12079C21F09F066083F0FF3FF3C0109FF68086E1809F0B3
:202480006808DA203F0F148009FFCE1809C0F07886EF37F00EF189CFB07809FF680809C075
:2024A000727837F006F089CF32783C01087440C46DFF78FD086F6E06086F1E24086FDF4F2C
:2024C000D98009FF74086E0A09FF74081E3709FF74081E4409FF7408DE5209FF750809C0E6
:2024E0007D6837F003F089CF3D6809FFCC1809C0EC6886EF37F00EF189CFAC6809FF74084C
:202500001E1809FF74081E3509FF7408DF5F2B8009FF760809C07C6837F003F089CF3C68F8
:2025200009FFC81809C0E06886EF37F00EF189CFA06809FF7C0809C0626837F007F089CF12
:20254000226809FF780809C0636837F081F389CF236809FF7A0809C0636837F007F089CFC3
:20256000236809FF74081E2809FF74081E4509FF7408DF5F2B8009FF770809C07C6837F057
:2025800003F289CF3C6809FFCA1809C0F06886EF37F00EF189CFB06809FF7D0809C0726804
:2025A00037F007F089CF326809FF790809C0736837F081F389CF336809FF7B0809C0736821
:2025C00037F007F089CF3368087440C46DFFEAFC09FF6C086E0509FF6C08DF2F238009FFF4
:2025E000C41809C0C46886EF37F00EF189CF846809FF6D0809C0466837F008F089CF066852
:2026000009FF710809C0406837F002F289CF006809FF6F085E1609CF4068960289CF006822
:2026200009FF6C081E1509FF6C08DF2F238009FFC61809C0C86886EF37F00EF189CF8868FC
:2026400009FF6E0809C04A6837F007F089CF0A6809FF720809C0406837F002F189CF0068CC
:2026600009FF70085E1609CF4068960189CF006809FF10396E2709F29039542F6E0F09F2EA
:202680009039D42409F290390924440809F2903909254D086DFF9BFAA62809F290394C22F4
:2026A0006E1109F290390925880909F2903909240C0809F2903909254D0840C46DFF6DFAF5
:2026C000A62809FF54386E0609CF4118960189CF011809FFF218EE0509FF7418DF1F2180B3
:2026E000820409F5701840C46DFFA8FCD4F409F470186DFF13FD09F0741809FFF218142125
:20270000370F68F037F108F0342F0C21370F83F12C210C2396022C230C2196042C2109FF32
:20272000F818EE0509FF7A18DF1F2180821409F5761840C46DFF82FCD4F409F476186DFF8E
:20274000EDFC09F07A1809FFF8181421370F68F037F108F0342F0C21370F83F12C210C2334
:2027600096022C230C2196042C2109FFFE18EE0509FF4028DF1F2180822409F57C1840C402
:202780006DFF5CFCD4F409F47C186DFFC7FC09F0402809FFFE181421370F68F037F108F07B
:2027A000342F0C21370F83F12C210C2396022C230C2196042C2109FFC428EE0509FF4628FB
:2027C000DF1F2180823409F5422840C46DFF36FCD4F409F442286DFFA1FC09F0462809FFF3
:2027E000C4281421370F68F037F108F0342F0C21370F83F12C210C2396022C230C21960486
:202800002C2109FFCA28EE0509FF4C28DF1F2180824409F5482840C46DFF10FCD4F409F4EE
:2028200048286DFF7BFC09F04C2809FFCA281421370F68F037F108F0342F0C21370F83F1A1
:202840002C210C2396022C230C2196042C2109FFD028EE0509FF5228DF1F2180825409F519
:202860004E2840C46DFFEAFBD4F409F44E286DFF55FC09F0522809FFD0281421370F68F04F
:2028800037F108F0342F0C21370F83F12C210C2396022C230C2196042C2109FFD628EE055E
:2028A00009FF5828DF1F2180826409F5542840C46DFFC4FBD4F409F454286DFF2FFC09F091
:2028C000582809FFD6281421370F68F037F108F0342F0C21370F83F12C210C2396022C23D2
:2028E0000C2196042C2109FFDC28EE0509FF5E28DF1F2180827409F55A2840C46DFF9EFB19
:20290000D4F409F45A286DFF09FC09F05E2809FFDC281421370F68F037F108F0342F0C21F1
:20292000370F83F12C210C2396022C230C2196042C2109FFE228EE0509FF6428DF1F22802D
:202940003B80004009F5602840C46DFF77FBD4F409F460286DFFE2FB09F0642809FFE228E7
:202960001421370F68F037F108F0342F0C21370F83F12C210C2396022C230C2196042C21A3
:2029800009FFE828EE0509FF6A28DF1F22803B90004009F5662840C46DFF50FBD4F409F4DB
:2029A00066286DFFBBFB09F06A2809FFE8281421370F68F037F108F0342F0C21370F83F187
:2029C0002C210C2396022C230C2196042C2109FFEE28EE0509FF7028DF1F22803BA0004014
:2029E00009F56C2840C46DFF29FBD4F409F46C286DFF94FB09F0702809FFEE281421370F33
:202A000068F037F108F0342F0C21370F83F12C210C2396022C230C2196042C2109FFF42859
:202A2000EE0509FF6A28DF1F22803BB0004009F5722840C46DFF02FBD4F409F472286DFF6E
:202A40006DFB09F0762809FFF4281421370F68F037F108F0342F0C21370F83F12C210C239A
:202A600096022C230C2196042C2109FFFA28EE0509FF7C28DF1F22803BC0004009F5782819
:202A800040C46DFFDBFAD4F409F478286DFF46FB09F07C2809FFFA281421370F68F037F11D
:202AA00008F0342F0C21370F83F12C210C2396022C230C2196042C2109FFC038EE0509FF62
:202AC0004238DF1F22803BD0004009F57E2840C46DFFB4FAD4F409F47E286DFF1FFB09F0E5
:202AE000423809FFC0381421370F68F037F108F0342F0C21370F83F12C210C2396022C23BC
:202B00000C2196042C2109FFC638EE0509FF4838DF1F22803BE0004009F5443840C46DFF3B
:202B20008DFAD4F409F444386DFFF8FA09F0483809FFC6381421370F68F037F108F0342F9A
:202B40000C21370F83F12C210C2396022C230C2196042C2109FFCC38EE0509FF4E38DF1F8C
:202B600022803BF0004009F54A3840C46DFF66FAD4F409F44A386DFFD1FA09F04E3809FFF3
:202B8000CC381421370F68F037F108F0342F0C21370F83F12C210C2396022C230C219604CA
:202BA0002C2109FF54186E0A8200DA010F0F00F009C01459A6F089C0145909FF55186E0A02
:202BC0008210DA010F0F00F009C01459A6F089C0145909FF56186E0A8220DA010F0F00F07F
:202BE00009C01459A6F089C0145909FF57186E0A8230DA010F0F00F009C01459A6F089C0B4
:202C0000145909FF58186E0A8240DA010F0F00F009C01459A6F089C0145909FF59186E0A39
:202C20008250DA010F0F00F009C01459A6F089C0145909FF5A186E0A8260DA010F0F00F09A
:202C400009C01459A6F089C0145909FF5B186E0A8270DA010F0F00F009C01459A6F089C00F
:202C6000145909FF5C186E0ADA0882100FF0000009CF1459A60F89CF145909FF5D186E0ACC
:202C8000DA0982100FF0000009CF1459A60F89CF145909FF5E186E0ADA0A82100FF0000096
:202CA00009CF1459A60F89CF145909FF5F186E0ADA0B82100FF0000009CF1459A60F89CF96
:202CC000145909FF60186E0ADA0C82100FF0000009CF1459A60F89CF145909FF61186E0A60
:202CE000DA0D82100FF0000009CF1459A60F89CF145909FF62186E0ADA0E82100FF000002A
:202D000009CF1459A60F89CF145909FF63186E0ADA0F82100FF0000009CF1459A60F89CF2D
:202D2000145909FF64186E0ADA1082100FF0000009CF1459A60F89CF145909FF65186E0AF3
:202D4000DA1182100FF0000009CF1459A60F89CF145909FF66186E0ADA1282100FF00000BD
:202D600009CF1459A60F89CF145909FF67186E0ADA1382100FF0000009CF1459A60F89CFC5
:202D8000145909FF68186E0ADA1682100FF0000009CF1459A60F89CF145909FF69186E0A85
:202DA000DA1782100FF0000009CF1459A60F89CF145909FF6A186E0ADA1882100FF000004D
:202DC00009CF1459A60F89CF145909FF6B186E0ADA1982100FF0000009CF1459A60F89CF5B
:202DE000145909FF6C186E0ADA1A82100FF0000009CF1459A60F89CF145909FF6D186E0A19
:202E0000DA1B82100FF0000009CF1459A60F89CF145909FF6E186E0ADA1C82100FF00000E0
:202E200009CF1459A60F89CF145909CF5848B70F81F089CF18483C0109CF58486F1FFEFF2C
:202E400009CF5848B70F01F089CF18483C0109CF58486F0FFEFF02823C01009020D8911071
:202E600000F8D9FF405D49FF000A49A2000AC506350044FF642FFC6E545F781049AF000A21
:202E80004942000AC506350044FF642FFC6ED45FF44F0090404F405C406D0CCDEE030CCEDB
:202EA0006E210CCD6E10C812092F65688FFF03813C01C814483409F5D40802866DFF22F6C0
:202EC000402E3C0FC812092F75688FFF03813C01C814483409F5D60802866DFF2FF6402E40
:202EE0003C0A14C8C814483409F5D80802866DFFEEF5402E0CE3370F61F36E03DA003C0223
:202F0000DA1254E037007D00325F0FF010003C0189C002090CE3370F61F32CC70CE6160F19
:202F20003C012CC940E46DFFB9F589C20A0834C809C4490840E440D56DFF5BF60CCD6E0964
:202F4000C812092F6868378F06F0892F28683C0A0CCE6E08C812092F7868378F06F0892F8F
:202F60003868C81402846DFF78F50090404C405D406E82080CDCEE0314D93C0809C2840923
:202F8000092F46788FFF01913C01CCC182100F90000009F10C7926017613DA013C02DA00FE
:202FA0003C013C015E143B0002803C5F09C4840909C40C0909C5DC0802966DFFE1F5402F96
:202FC00009D002090CD71E1382013C02821108323712011328316E03DA003C02DA1254F1FB
:202FE0000FF0000037011DF074FF0CDB5E1EDA016E0382103C028200086F370F81F32CF6C6
:20300000087F379F08F02CF70CD66E0382103C028200083F370F81F22CF30CDA1E130CDA77
:203020005E2A0CD86E0382103C028200083F370F81F32CF309D04908086F370F04F02CF644
:2030400009D4490840F440E56DFF0FF809D44A0840F46DFFD3F7CCC1DA010F9F00F009F0DE
:203060001079A6F089F0107902823C010090404C405F09C40C0909C5D00814F66DFF6BF555
:2030800009C48409094F58481601DE17094F5848B70F81F0894F18483C01094F58486F1FA8
:2030A000FEFF094F5848B70F01F0894F18483C01094F58486F0FFEFF094F58489601894F15
:2030C00018483C01094F58481601DF1FFDFF094F18498210370F01F08210370F81F0894FA7
:2030E0001849081F1E7A482F0920C008370F70F037F00BF0B42F3C0708CF0920C00837F06B
:203100000BF0B42F481F0920C208370F70F037F00BF0AC21081F0920430837F083F12C235D
:20312000082F0920430837F002F32C23CCC109FF5848B70F81F089FF18483C0109FF584840
:203140006F1FFEFF09FF5848B70F01F089FF18483C0109FF58486F0FFEFF00904DC0E1FFC0
:20316000D710210F4940400800900248804FB70F1CF07B00000D7E0D804FB70F0CFAB77F08
:2031800003FE4DC0E10F7B000011E210A20F3C02804F60FF820982046D008F1E9130002F7B
:2031A000392F3006160F4B0F41F14BF251F03C017BA047044B0F51F04B0861014B0F41F0C4
:2031C0004B0F710185F110013C09000085FF1001A21F3F0F048082193C0754FF160F3BF0AE
:2031E00000205F2FF4FF02923C010090200840BF3C0180F2370368F4B75F08F037F30834ED
:20320000370468F037F308304DC0E1FF16073C013703680837F003F037F308383C0189A2DC
:20322000400909A0400900A00D00400200800090200840BF3C0180F2370368F4B74F08F0EA
:2032400037F30834370468F037F308304DC0E1FF16073C013703680837F003F037F308389E
:203260003C0189A2400909A0400900A00D00400200800090200840BF3C0180F2370368F440
:20328000B73F08F037F30834370468F037F308304DC0E1FF16073C013703680837F003F0DA
:2032A00037F308383C0189A2400909A0400900A00D00400200800090200840BF3C0180F22C
:2032C000370368F4B72F08F037F30834370468F037F308304DC0E1FF16073C01370368082E
:2032E00037F003F037F308383C0189A2400909A0400900A00D00400200800090200840BF81
:203300003C0180F2370368F4B71F08F037F30834370468F037F308304DC0E1FF16073C01F8
:203320003703680837F003F037F308383C0189A2400909A0400900A00D00400200800090BD
:20334000200840BF3C0180F2370368F4B70F08F037F30834370468F037F308304DC0E1FFFB
:2033600016073C013703680837F003F037F308383C0189A2400909A0400900A00D00400233
:2033800000800090200840BF3C0180F2370368F4B77F08F037F30834370468F037F3083028
:2033A0004DC0E1FF16073C013703680837F003F037F308383C0189A2400909A040090D00E8
:2033C000400200800090200840BF3C0180F2370368F4B76F08F037F30834370468F037F3EE
:2033E00008304DC0E1FF16073C013703680837F003F037F308383C0189A2400909A040097D
:203400000D00400200800090DA000950DA08370F0EF009505C08370F03F809505D08370FF2
:2034200081F909505E08370F01FA09505F08370F83FA09506108370F01FE09506008370F81
:2034400003FC6C458201095064083701031009506508370181110950660837010414095029
:203460006B083701011A095067083701031209506808370181130950690837010416095067
:203480006C083701811A09506A083701041809506D083701011B09506E083701011C095027
:2034A0006F083701811C095F70086E0382203C028200095F71086E03DA013C02DA00A6F032
:2034C0003701021D095F720837F1041E89411009095F0408534F20F0D45FD4FF10FF19F042
:2034E000C081095F730837F00102095F0408534F20F0D45FD4FF10FF59F0C081095F060942
:203500006C42095F0A096C43095F16096C41095F1209744F095F6A086E0A095F6A081E17F8
:20352000095F6A081E24095F0E096C460090F4450090404F405CD4C2D42DF4FD09CF04084E
:203540002CF409CF0408530F22F010D2D9220002E822C82440C56DFF59FF820009CF630890
:203560006E05DA0137F001083C04DA0137F0810809FF0408534F20F010D25920C08109CFC8
:20358000F4086E22D4F209FF0408BC21534F20F060FF9140003F30F3D93F30D83C0109C07E
:2035A000760809CFF40814F1370F68F037F108F034FF081F370F83F12CF1083F96022CF3C7
:2035C000081F96042CF100902038911000F8D9FF68AD49FF000A49A2000AA0D644FF642F0C
:2035E000FC6E49AF000A4942000AA0D644FF642FFC6EF4450090DA003E56DA013E58DA0290
:203600003E5A3C0DA664894410493C09A664894430493C05A664894410593C010090404F27
:2036200002496D00B222022802846D00C221DA207FF90B8009F0082982110F911010A610CE
:2036400089F008293C19DA407FF90D8009F00C2982118FF901F10FF11010A61089F00C298D
:203660003C0B09F0102982118FF903F10FF11010A61089F0102902846D00BA220090DA0001
:203680003E46DA013E4BDA02BE403C16094F4448B70F01F1894F04483C0F094F6448B70F41
:2036A00001F1894F24483C08094F4458B70F01F1894F04583C010090404F02496D00652215
:2036C000022802846D007521DA207FF90D8009F0082982110F91101082FFC6F1261089F0D4
:2036E00008293C1DDA407FF90F8009F00C2982118FF901F10FF1101082FFC6F1261089F0DD
:203700000C293C0D09F0102982118FF903F10FF1101082FFC6F1261089F0102902846D00B7
:2037200067220090DA003E46DA013E4ADA023E4E3C13094F44489604894F04483C0D094FB5
:2037400064489604894F24483C07094F44589604894F04583C010090404F024F405C8214FB
:203760006D00AB1B3C014B0271418F2400004BF011029A2006EFC2FF8BFF21F392104B04DA
:2037800011223B00D0029B1013007F200980C21F8BFF21F392104B0411223C013B90D00385
:2037A00006503F0208803B00D0029B1013007F20048082023C0A370F68F0BCF109C0CA282C
:2037C00037F005F289CF8A283C010090DF043B00094F04298B8701000F041040A64F894F0E
:2037E0000429094F04298230534720100F10000082F1C610260F894F0429094F04295347DA
:2038000020000F051050A65F894F0429766D094F0429821053472010C2310F100000A60F7F
:20382000894F04293C0E094F0429821053472010C2310F10000082F1C610260F894F0429C3
:203840003C0D094F042982108B8701100F10000082F1C610260F894F04290090DA003E6734
:20386000DA01BE65DA025F6F23003C31094F00498210370F81FB374F04F8894F0049094F20
:203880004448375F02F0894F04483C21094F20498210370F81FB374F04F8894F2049094F63
:2038A0006448375F02F0894F24483C11094F00598210370F81FB374F04F8894F0059094F33
:2038C0004458375F02F0894F04583C010090DA003E66DA01BE60DA02BE6A3C25094F004946
:2038E0008210370F81F7374F82F6375F04F4894F00493C19094F20498210370F81F7374FDF
:2039000082F6375F04F4894F20493C0D094F00598210370F81F7374F82F6375F04F4894FB2
:2039200000593C010090404F3B00054040F46DFFC5FE09FF4328968089FF03283B00054033
:2039400040F46DFF6EFE820082013C11BF8103803C013B0040F0E21F10F2392F4320370F8A
:2039600061F23C016E0382103C01C211DA0C3FF1EF7FDF10EA7F0090404C405F8208C85269
:20398000D42D3C01C852092E84093C01C85289C2840909C284090929480809FA0C0840D4D7
:2039A00002946DFF8BFE08E0534A20F010E2534A20F010E43941018037018101E920018015
:2039C00008F0534A20F010E2534A20F010E4394F0280370F04F0E92F028009F05008534AE3
:2039E00020F010E2534A20F010E4394F0080370F02F2E92F008009F05108534A20F010E259
:203A0000534A20F010E4394F0080370F02F3E92F00800810534A20F010E2534A20F010E4D2
:203A2000394F0180370F01F1E92F018008D0534A20F010E2534A20F010E4394F0080370F46
:203A400002F0E92F008009F05308534A20F010E2534A20F010E4394F0180370F02F0E92FEF
:203A600001800820534A20F010E2534A20F010E4394F0280370F81F2E92F028009F05208AD
:203A8000534A20F010E2534A20F010E4394F0180370F04F2E92F018009FFC608EE04089F99
:203AA000DF1F7480029008B1BFC90580DA147FF90280BF890680FFC9048002903C0EBFC956
:203AC0000780DA147FF9048002903C07DA143E93DA157E938BC91F0086204201534120F0E1
:203AE00091000027D92220041022D4223C0109F00C08DA087FF0190008B009E12069DA0FFF
:203B0000534A20200F2F00F082F2C62F26F189E1206909EF2069534A20100F101000A60FF5
:203B200089EF20693C1708B009E12469DA0F534A20200F2F00F082F2C62F26F189E1246997
:203B400009EF2469534A20100F101000A60F89EF246909F00C08DA010F0F10F089EF106933
:203B6000089009FFC6081421370F68F037F108F0342F0C21370F83F12C210C2396022C2337
:203B80000C2196042C213C0109FFC408EE04088FDF1F8080029008A1BFC90580DA147FF9CB
:203BA0000280BF890680FFC9048002903C0EBFC90780DA147FF9048002903C07DA143E9300
:203BC000DA157E938BC91F0086204201534120F091000027D92220041022D4223C0108F0B1
:203BE000534020F010E4534020F010E5395F03A09680E94F03A008FFFF8F1A8008A008F19A
:203C000009E23069DA0F534120300F3F00F082F3C63F26F289E2306909EF3069534120102A
:203C20000F101000A60F89EF30693C1B08A008F109E234693BF000309A81534F20F00FF3E5
:203C4000003082FFC6F3263289E2346909EF3469C281534120100F101000A60F89EF346905
:203C6000BBF0FFFF89EF1469088009FFC4081421370F68F037F108F0342F0C21370F83F10D
:203C80002C210C2396022C230C2196042C213C0140D402946DFFC5FC08FF2CC109FF0C0889
:203CA00034CF02823C010090911000F8D9FF70DD49FF000A4942000AA06644FF642FFC6EC5
:203CC000894594090090404F405C8208D4C2D42D0CC43B004000E20F10D2D92E4000E81E32
:203CE000D4C2D422F4F209C9440828898B0901003700684040D46DFFE1FC3B004000E290C5
:203D000001D00026D922400009C04B18769109214B283701810089200B283B0040F0E29F20
:203D200010D2D922400009CF4C18769109204A2837F081F1892F0A283B0040F0E29F10D237
:203D4000D922400009CF4D18769109204A2837F003F0892F0A283B0040F0E29F10D2D9227C
:203D6000400009CF491876910920482837F001F3892F08283B0040F0E29F10D2D92240001E
:203D800009CF4E1876910920482837F002F2892F08283B0040F0E29F10D2D922400009CF61
:203DA0004F1876910920482837F081F1892F08283B0040F0E29F10D2D922400009CFD418AE
:203DC00009C0D6180921382937F10C1037010C188921382909CF50186E0E3B0040F0E29F4E
:203DE00010D2D92240007691092F48289604892F08283C0E3B0040F0E29F10D2D922400022
:203E00007691092F4828B70F01F1892F082809CF51186E0E3B0040F0E29F10D2D92240008D
:203E20007691092F48289602892F08283C0E3B0040F0E29F10D2D92240007691092F482851
:203E4000B70F81F0892F08283B0040F0E29F10D2D922400009CF521876910920482837F031
:203E600001F0892F08283B0040F0E29F10D2D922400009CF53180920402837F002F0892FBB
:203E800000283BC039A59B9A64A382046D0015189130002F392F3006160F4B0F41F14BF249
:203EA00051F03C014BAF41F04B0F71F185F110013C0185F01001A2103FF0FDFF8B0901F0F1
:203EC000370F684040D46DFFACFB09CF04194B0F7141C81540D46DFF41FCF62482121D0067
:203EE0002F02C81F82146D00E8173C0109FFCA28370F65F2C21F4B0F61F14BF251A03C01DC
:203F000009CF48185E1440D46DFF0FFD8B0901F0370F684040D46DFFD1FB09CF41185E1B02
:203F2000821409C56E0809C66F08820740E46DFF4FFC3C08820482058206820740E46DFF0B
:203F400047FC09CF42185E1B821409C5760809C67708821740E46DFF3BFC3C088204820592
:203F60008206821740E46DFF33FC09CF43185E1B821409C57E0809C67F08822740E46DFF3C
:203F800027FC3C08820482058206822740E46DFF1FFC0CC5BE9C0CC553C92000911000F800
:203FA000D9FF60BD01F000F610FF14F03C0109EF4038370F02F089EF003809E10039DA0878
:203FC0000F0F00F0A6F189E100393C01DA0009E0402837F002F089EF00283BC039B59B9B59
:203FE00064B382046D006917913000FF39FF3006160F4B0F41F14BF251F03C014BBF41F062
:204000004B0F71F185F110013C0185F01001A2103FF0FDFF09CF4118DF1F548049CF280A70
:2040200009CF6D086E1A820440E46DFF7DFB09C46D0809C56B08820640E46DFF4AFC09C073
:204040006B08DA0F7E0909C46A088215820640E46DFF06FC3C013C05820440E46DFF11FBED
:2040600009C06B08DA0F3E0A09C46A0809C56C08820640E46DFFF4FB3C0114FF6E038210F8
:204080003C028200DA0082013E1682113E1B8221BE103C1609EF4548370F01F189EF05487E
:2040A0003C0F09EF6548370F01F189EF25483C0809EF4558370F01F189EF05583C013C0193
:2040C00009CF4218DF1F548049CF300A09CF75086E1A821440E46DFF27FB09C4750809C54D
:2040E0007308821640E46DFFF4FB09C07308DA0F7E0909C472088215821640E46DFFB0FBC9
:204100003C013C05821440E46DFFBBFA09C07308DA0F3E0A09C4720809C57408821640E484
:204120006DFF9EFB3C0114FF6E0382103C028200DA0182013E1682113E1B8221BE103C1606
:2041400009EF4548370F01F189EF05483C0F09EF6548370F01F189EF25483C0809EF4558F7
:20416000370F01F189EF05583C013C0109CF4318DF1F548049CF380A09CF7D086E1A8224CE
:2041800040E46DFFD1FA09C47D0809C57B08822640E46DFF9EFB09C07B08DA0F7E0909C4C7
:2041A0007A088215822640E46DFF5AFB3C013C05822440E46DFF65FA09C07B08DA0F3E0AC9
:2041C00009C47A0809C57C08822640E46DFF48FB3C0114FF6E0382103C028200DA02820151
:2041E0003E1682113E1B8221BE103C1609EF4548370F01F189EF05483C0F09EF6548370F04
:2042000001F189EF25483C0809EF4558370F01F189EF05583C013C0109CF531809E04028D3
:2042200037F002F089EF002809CF53186E0409CF5318DE1F3BC039B59B9B64B382046D00A7
:204240003C16913000FF39FF3006160F4B0F41F14BF251F03C014BBF41F04B0F71F185F105
:2042600010013C0185F01001A2103FF0FDFF3C1EBB50F9BB9B6B45B382046D001E1691308E
:2042800000FF39FF3006160F4B0F41F14BF251F03C014BBF41F04B0F71F185F110013C018A
:2042A00085F01001A2103FF0FDFF09CF4918769109E0482837F001F389EF082882013C344C
:2042C000530121F010CF08C0534120F010EF534120F010E2092F6128370F02F089FF2128CF
:2042E000530121F010CF482F4BAF41F04B0F7101C2E0DA1F7F0F0780DA104BF011228BF287
:2043000000008BF02F033C01534120F010EF534120F010E2092F602837006800370F05F0E0
:2043200089FF2028C211BF21CDFF8B0901F0370F684040D46DFF75F902823C0100909110DB
:2043400000F8D9FF4CED49FF000A4942000AC506150044FF642FFC6EDA002C44F4450C447A
:204360002C45DA00894F0918DA00894F0B18DA00894F0C18DA00894F0D18DA01894F0E189E
:20438000DA00894F0F18DA00894F1018DA00894F1118DA00894F1218DA03894F1318DA00F9
:2043A000894F0A180090405C8208D4CDF44D6D00D81B022F02F46D00D41A820074D002F4CD
:2043C0006D00EF1B82003C12530021F010CF0881534020F010DF534020F010D2092F6128F2
:2043E000371F02F089FF2128C210BF20EFFF40D440C56D00270009CFE80809C0EA0809D1FB
:20440000382937F10C1037010C1889D1382902823C010090F445DA002C48DA00894F180836
:20442000DA00894F2608DA00894F2408DA00894F2508DA00894FA808DA00894FAA08009089
:20444000094F00298210370F81F709506408370F01F609506508370F82F609506608370FF8
:2044600081FF894F00290090404F6D007A1B022F02F46D00761A91A0003030F3D933C04FD7
:204480001430B700010091A0003030F3D933C04F343002F46D00851B0090094F3029532462
:2044A0002000570F62F0EE0382023C076D0008004B0F61F14BF251203C010090913000FF10
:2044C00039FF3006370F64F2EE0382023C105E186D0024157B0000F44BF241203C0882041E
:2044E0006D00EB144B0F61F14BF251203C013C010090594400C00090404F0B54108840F445
:2045000002946D00D600F623DF086100DA00BE91DA013E9FDA023E9DDA033E9BDA043E995E
:20452000DA053E97DA06BE95DA075F9F30003C4B40F46D00A500534920F010FF19FF0CC019
:20454000370F78F0C21F4B0F41F14BF251203C3D534920F010F2192F0CC0370F62FCEE11B4
:2045600040F46D008D00534920F010FF19FF0CC0370F78F0C21F4B0F41F14BF251203C0564
:20458000821440F46D00A7003C20534920F010F2192F0CC0370F62FCEE1140F46D0070006B
:2045A000534920F010FF19FF0CC0370F78F0C21F4B0F41F14BF251203C05820440F46D002B
:2045C0008A003C0382023C013C0282023C010090404F0B54108840F46D007500F623DF0826
:2045E0004C0019FF04D0160FEE0540F46D0048003C1CFF7F088092F440F402856DFF7EFFFA
:204600003C145E77826440F402856DFF77FF3C0D3B8000007E07827440F402856DFF6EFFDF
:204620003C0440F46D002C00DA003E9ADA013E9DDA02BE90DA03BE93DA04BE963C1A7B00AA
:20464000F8F34BF251203C177B0018F44BF251203C127B0038F44BF251203C0D7B0058F486
:204660004BF251203C087B0078F44BF251203C0382023C013C0282023C010090194F08C0F4
:20468000370F78F04B0F41F1194004C0370078004B0041014B0F51F06D0006004BF24120DB
:2046A0003C01009082046DFFFAFE3C010090194F00C053242000570F62F08B3F00223C01D6
:2046C0000090194F00C0370F62FB8B3F00223C010090BC41764182023C0100900C41534FD2
:2046E0002000144F534F20F060FF91A0013F30F3D93FC05FDA0F0F0F00100C4C0F0F00F0DE
:2047000054F082F2C612262026F1A61074F0DFF40A00CC410C483704685040F402F46D00CA
:20472000F4040090404F0258481F8FDF1F00481F1607534F2020082F0F2F0010DA0F0F2F02
:20474000002091A0012FD922E05F534020F01022542F82F0C620260F2621A61F742FC8241E
:2047600008CF09F55008A64502F46D00CE04C82408C402856D0001050090404F40546D001A
:204780000900821540F402246DFFB8FE3C0100904C49370F632C3C010090404F40546D0069
:2047A0001B00DA003E28DA013E28DA023E28DA033E283C0982043C0982143C0782643C05C8
:2047C00082743C0382043C01821540F46DFF96FE3C0100904C49370FE2283C010090404F08
:2047E00040546D000900821540F402246DFF86FE3C0100904C46370F632E3C0100904C4C33
:20480000764382103C028200370F01F0765382103C028200370F01F1766382103C028200D8
:20482000370F81F0767382103C028200370F81F16C4C00904C49374F03FC6C4900904C4C8F
:20484000764382103C028200370F81F26C4C009009403009DA006C4C4C4E374F02F06C4E6C
:204860008940300900904C4C764382103C028200370F01F26C4C0090404C405D821A4CDA97
:204880006E0A09D2A8090928410809D2A8091429820B3C0709D8450809D9440809DB650854
:2048A0003B008000E290D4DF01F000F6D9FF000149F2002A802080F1A21080FF03800AFF25
:2048C00060FF3C010CD489CF1A080CD589CF1B08F4CFDA006CC1DA006CC2DA002CCCDA0008
:2048E0002CCEDA002CCFDA002CCDDA006CC4489F09D07808370F83F06CF909D4500840F445
:204900006DFF9AFFD4D440F56DFF39FF89C2160909DF78081E2509DF7808DF5F218009DFCD
:2049200052081E2409D052083C028200489F370F81F66CF909DF52085E2382103C028200CA
:20494000489F370F01F76CF909DF78085E5709D01409484F370F18F06CF43C14820009DFBB
:2049600051081E2409DF51085E328210260A09DF51085E2382103C028200489F370F81F651
:204980006CF9489FB70F01F66CF9489FB73F02F46CF9489FB73F02F56CF909DFC8086E33DF
:2049A00009D4460840F46DFF55FF09D44C0809D54D0809D64E0809D74F0840F46DFF21FF48
:2049C000D4D2BC21534820F05309220060029140003F3023D93290E810223C0109D047084C
:2049E00009DFC8081421370F68F037F108F0342F0C21370F83F12C210C2396022C230C2132
:204A000096042C2109DF320982004B0F01F0370F61F16E34486F09D07008370F03FE6CF6D4
:204A2000D4D440F56DFFDDFE09DF32094B2F41F04B0F7101C2F0CE0382003C0CBBF0FFFFC2
:204A40009BFF0FF03FF00700BBF0FF0F9BF00F00820A09DF51085E2382113C028221489F8B
:204A6000371F02FF6CF9486FB700080CA60F6CF609D4760840F46DFFF8FE3B0080F0E29FC4
:204A8000D4D21022DA0153482000C2200F0F10F0592F3811DA003EB7DA01BEB7DA025FBFBE
:204AA00026003C323B0080F0E2F9D4D201290026DA01534820000F0F10F0592F3811489F7A
:204AC000B70F01F36CF93C203B0080F0E2F9D4D201290026DA01534820000F0F10F0592FA3
:204AE0003811489F96406CF93C0F3B0080F0E2F9D4D201290026DA02534820000F0F10F0CF
:204B0000592F38113C014CDA6E0709D4A80909D42C086DFFE5FD09DF5A085E3509DF5908D9
:204B2000DF3F8900489FB71F01F86CF9489F09D05808370F82F86CF9D4D440F56DFF2FFEF8
:204B40004CD84B2F41F04B0F7101C2F0CE0382003C0CBBF0FFFF9BFF0FF07F0F0700BBF0EB
:204B6000FF0F9BF00F00820A488F370F18F06CF84CD74B2F41F04B0F7101C2F0CE038200D9
:204B80003C0CBBF0FFFF9BFF0FF07F0F0700BBF0FF0F9BF00F00820A487F370F18F06CF79F
:204BA00009DF5A089E3809DF5A08EE06489FB70F01FB6CF93C0F489FB71F01FB6CF909DF38
:204BC0005A085E1382003C028210489F370F81FB6CF93C09489FB70F01FB6CF9488FB70FB2
:204BE00018F06CF809DF59089E3809DF5908EE06489FB70F01FA6CF93C0F489FB71F01FADD
:204C00006CF909DF59085E1382003C028210489F370F81FA6CF93C09489FB70F01FA6CF9C4
:204C2000487FB70F18F06CF709D4640840F46DFF08FE489F96016CF902A23C010090404FAA
:204C4000405C82043BC0035040F46D00C62FF4FCDA002CF4DA002CF5DA022CF6DA002CF76E
:204C6000DA00ACF4DA002CFCDA002CFDDA002CFEDA002CFFDA0089FF1008DA0289FF1108B5
:204C8000DA0289FF1208DA006CF5DA0089FF3608DA0089FF3008DA0089FF3209DA0089FF22
:204CA0002508A002E8A2DA0089FF2C08DA0389FF1908DA0389FF1A08DA006CF7DA006CF87D
:204CC000DA0089FF1808DA0089FF38080090D44F48BF370FE1F1BA1F3C012C4F6E04D44FB8
:204CE000DA086CFBD44F48BF370FE1F2BA1F3C01894F14086E04D44FDA206CFBD44F48BFFE
:204D00001601BA1F3C012C4E6E33D44F54F0D44F4811370178F06C41370078F06C42370097
:204D200068FC3701680C3A0F2C4CD44F483F370F70F0AC4ED44F48BF370FE1F0BA1F3C0101
:204D40006E074C44C21F6C44D44FDA026CFBD44F48BF370F61F1BA1F3C012C4D6E06DA00B8
:204D60002C4ED44FDA046CFBD44FDA016CFB0090DA084BF40102DA0203F10AF6370F68F0CA
:204D8000DF15068082220FF210203C0482120FF210203C010090404C405D8218D4D2F4C2D3
:204DA0000CD42CC40CD43B008000E20FD4D2102F9110003030F3D93E000889CE880909DFCF
:204DC00005082CC509DF050882703FF0180009C28809DA00EE04492F300A3C03D92F3080D6
:204DE0003C01ECC3CCC2DA01EE0449FF300A3C03D9FF30803C01ECC43C0DCCC2DA01EE0492
:204E000049FF300A3C03D9FF30803C01ECC3A00FECC40CDF5E1ACCC309D4050882153B0050
:204E200001606DFFA7FF74F209D105080CD680E0530124104210600F3C0154F037F003F686
:204E400074FFCCC309DF05088215821A820602F46DFF90FF02293B0001600BFA10486DFF1F
:204E600089FFA629682909D105080CDC80E0530124104210600F3C015E13DA013C02DA0031
:204E800054F037F081F574FF4CD66E0909D4980909D45C0809D55D086DFF46FC09DF500835
:204EA0001E1509DF5108DF1F4C8009D0050809D1520809D4500809D6510880E5530024F061
:204EC00042F5605F3C014880DA006CF848AF371F02F06CFA68807643DA013C02DA0037F039
:204EE00001F0766382103C028200370F81F06CF8D4DF09D0440809DF0508BCF186FF534FDA
:204F000020F053002200600F9140003F30F3D93FD08810FF3C0109D0530809DFD40814F1B1
:204F2000370F68F037F108F034FF081F370F83F12CF1083F96022CF3081F96042CF10CDFBB
:204F4000DE1B09D1050809DFC80880E0530124104210600F3C016CF109D1050809DFCA08D5
:204F600080E0530124104210600F3C016CF2CCC3DA0174FF3C1709D1050809DFC80880E0BE
:204F8000530124104210600F3C016CF309D1050809DFCA0880E0530124104210600F3C01A5
:204FA0006CF4CCC309DF0508821082011607061FDF10048082203C0282100FF0000082341C
:204FC0000FF4004049F2001A0243020249224008DF11088049FF041A0243020249F2400893
:204FE000CCC309DF0508821082011607061FDF10048082203C0282100FF0000082340FF439
:20500000004049F2081A0243020249224008DF11088049FF0C1A0243020249F2400809DF5D
:2050200060085E14CCC3DA0174FF02823C010090F445DA002C44DA002C45DA002C46DA1460
:20504000AC44DA0AAC45DA012C4CDA002C4DDA002C4FDA01894F2008DA00894F1008DA0011
:20506000894F1108DA02894F1208DA00894F1308DA00AC4AA00FEC46DA80894F1C08DA00C3
:20508000894F1D080090CC43094F050882101607061FDF10048082203C0282100FF0000057
:2050A00082310FF1001049F2001A0213020249224008DF14088049FF041A0213020249F2D7
:2050C0004008CC43094F050882101607061FDF10048082203C0282100FF0000082310FF1A9
:2050E000001049F2081A0213020249224008DF14088049FF0C1A0213020249F24008CC43E3
:20510000DA0174FF0090404F0B4510A849FC100A82404B0A01828F3A00F1538F20C09140D4
:20512000002FD922800C7D2F08009140002FD922804C7D2F15806D001415022F02F46D00D3
:20514000101409F0201982110FA1101082F2C621261089F0201902F46D002315534820F00D
:2051600010CFDAFF0FCF00F00FCB10B002F302B249F240080090404F0B4510886D00F1146A
:20518000022A02A46D00ED1349FF001ADA084BF801028F7800F1534F2040534020F010FF9A
:2051A000DA0F0F4F00F00F49109002F3029249F2400802A46D00F51400902020404CDA085A
:2051C0004BF401826D00510E534920F010A2534920F010CF488F742F09CF500816FFC21FB8
:2051E0004B0F41F14BF25100534920F010AF14FF163FC21F4B0F41F14BF05100534920F01D
:2052000010AF14FF370F62F39211534920F010AF081F160342F1534920F010AF081F370FC8
:2052200062F142F14B0141F14BF051203C01009020080248405F3705E8FB8B0F20F26E01A6
:20524000820949A6000A028440F56D003900DA0037F9019014AF37F983900CA137F9039256
:205260000CA237F983930CA337F903950CA437F983960CA537F90398081FAE63DA003C02FE
:20528000DA0137F98199DA0037F9019A14FFAE53DA003C02DA0137F9819ADA0037F9019B4C
:2052A00009FFC008370F66F3C2FF370F70F037F9859B3789049E02923C010090406C8208CF
:2052C0008209DA084BF40122094F500816FF9210534320F0104F09FF6008163FC21FE2F01B
:2052E000534320F0104F09FF6008370F62F39211534320F0104F09FF6108160342F15343A3
:2053000020F0104F09FF6108370F62F142F173100AA0B025405D820B3C4E534B20F010DF8E
:2053200054FFE2AF4B0F61F17B0000044B0F51C0820D820E3C328210532E20F00FF0100034
:205340004B0041F14BFC51F07B00F0036B00214F6D009D20FF922180532E20F00FF210F011
:205360004B0F41F14BCF01F016068B0F20F26E09C2F28B0240F3370F689002E8821D3C0FD1
:20538000FF820B809A12C2FF8B0F40F3370F689002E8821D3C04C21EBF8ECFFFF6D3827901
:2053A0008278532B20F010CF2819532B20F010CF34F8C21BBF3BB3FF0090404C405F7641B1
:2053C000820854CF6E016D00500D3C0109CF500816FFC21F4B0F41F14BF251F03C017B00C2
:2053E000F8034BF0513048103B800040821502463700E81BBA016E037B00F8037B00F81362
:205400004B0151703B0040929B499794024A3C4D4B0A41014B0341004B0751107B00F02327
:205420006B0221114B0131B1DA407FBF05003B0004B03C0973AB0A10FF410400822B3C03A6
:205440004EB2821B4B0B41114B1041006B07311082024B2101F0AE046B0731003C056B07CF
:2054600031F067FFBF0F4B9001F06F2F1E804B9001F0AE264B9001F0AE036F0605800209AD
:2054800002A602B56F061180DA004BF001F0AE27DA004BF001F0370F61F06E03DA003C02A6
:2054A000DA016E023C04C2FAFF2AB47F3F5409006F0607006F050580025F026502F6DA029C
:2054C0004BF601229AD2370F4800C2F5370568F037F80680DA024BF601421A52C2FF370F9B
:2054E00068F037F802838E03020F3C02DA0037F802858E0382323C01370268F037F8028468
:20550000088FAE43DA013C02DA0037F80186088FAE33DA003C02DA0137F88186089F370FCC
:20552000E1F237F8018702823C0100907B0000F44BF45180544F6E016D00970C3C01BB00F7
:2055400068099B80B104820182033C1DDA01534320400F4F00F04B0F61F14BF251406B089D
:2055600031F482054B5F01F0AE046B0831443C056B0831F467FFBF4F4B0401F0AE230B439E
:205580001008C213BF83E4FF02123C0100900248BC416D006A0CDA004BF801F0AE217B0096
:2055A00008F44BF841F04BF251004B0031F14B0F41F16B0F31F07B00F0134B1F01F0AE24AE
:2055C0004B0031F13C044B0031F1C21F8B1F40134B0161F14BF251F06B0F31F882004B0F38
:2055E00001F0AE084B0161F14BF251F06B0F31483C094B0161F14BF251F06B0F31F867FF8B
:20560000BF4F82453C384B0561F14BF841F04BF251F07B00F0036B00216F4B0561F14BF661
:2056200041F04BF251006B0031F882034B3F01F0AE046B0031083C056B0031F867FFBF0FB8
:205640004B4001F0AE2C7B00F8F34BF601F016068B0F20F26E0402044B0671113704E8FB2B
:205660006E087B00F8F34BF601F0370F61F06E023C06C2153B801FF07F5FC7FFC2F18B014F
:2056800040233C010090FF540B00538420F0911000F8D9FF344E10FFD4F23C02A0023C01B0
:2056A000009082F282003C17538020F0911000F8D9FF344E10FFD4FF7D4F0D80538020F01D
:2056C000911000F8D9FF344E10FF481F370F48203C04C210BF50EAFF3C010090494F102A0A
:2056E0003C0554FFB45FB025C2F4FF14FC7F0090494F102A3C0554FF745FB045C2F4FF1463
:20570000FC7F0090494F102A3C0554FF345FB015C2F4FF14FC7F0090DA010F4F10F0370F6D
:2057200070F009410819765737017008A6F0370110183C083701700882F2C6F2262037018D
:205740001018766737017000A6F0370110103C083701700082F2C62F26F037011010894121
:2057600008190090DA084BF40102534120F0104F49FF241A3C06095FC00874FFB025C2F55A
:20578000FF15FB7F0090DA084BF40102534120F0104F49FF241A3C05545F74FFB045C2F52B
:2057A000FF15FC7F0090DA084BF40102534120F0104F49FF241A3C05145F74FFB015C2F57A
:2057C000FF15FC7F0090094F5C18EE047B1000F03C02DA01CC4D094078080F0F10F06CF1FB
:2057E0000090094288093C010090094F5C18EE03DA013C037B1000F0CC4D094078080F0F1E
:2058000010F06CF10090404F405C406D0248D4FE40E46D009F050229DF093680ECE2084F84
:2058200096012CF4E84CA8A8821089F01E18E86DA8E848FF6E05C8F240F42D02000009FF28
:2058400060181E1409FF60185E3540F46D0006073C1A09FF6018DE4209E2A80909E4A809AD
:20586000094FD818C2F837087000370F10F0892F981840F46D00F2063C06C8AF09E48809F9
:205880002D0F000002923C01009082020C44AE04D44F481F6E0282123C0100902008404CD6
:2058A000405DD4D2D42FF801C8AED4DFF4CF0CC4B70F01F02CC409DF6C0889CF1F1809DF73
:2058C0006D0889CF20184CD789CF04194CD889CF08190CD8370F61F109E0510837F00103A5
:2058E00089E0110849DF240AF4AF5E1754FFEE05DA0089CF0C183C07CCD9481F370F68F02F
:2059000089CF0C1809C04C18DA084BF00182534920F010EF40E4029440D56DFF50FD022FDA
:205920006CF809C44C1849D5080A4CD140E402F56DFF80FC022F6CCC09CF5818DE1309D403
:20594000040940E46DFFF4FD09EF682837026800370F03F089EF282849C5101A40E46D00C6
:205960000205821009CF4C180FF000008F0001100CD9AE43DA003C02DA0109C44C180F4F5B
:2059800010F049EF081A8F000140A640A6F10203021249F2400809CF7308370F64F28F7FC7
:2059A000004140E46DFF0BFC4B0231F189CF0A09D4AF54FFEE07A00FECCFA00F89CF801960
:2059C0003C46D4FF09F2C80989C2F4090CD9370F61F289CF1C180CD86F1F2280910000F8B7
:2059E000D9FF46F5ECCF910000F8D9FF6AF589CF801940C46DFFFBFED4AFD4FF09D568081B
:205A000009DA6908DA80C82408C4A6F56DFF7DFBC82408C402A56DFFB0FB3C19A00FECCF6C
:205A2000A00F89CF8019D4A2D42F09D5680809DA6908D422092F5008C82408C4A6F56DFF66
:205A400064FBC82408C402A56DFF97FB09DFC808370F66F389CF1D18910000F8D9FF7816B7
:205A6000ECCA910000F8D9FF06F6ECCBD80109FF46186E109110002F09F00518534920F00D
:205A800010EF49FF241A530022F0102280FF592F0C0282023C010090404F40F46D007A1CBE
:205AA000A002E892DA8089FF2808DA0089FF2908A002E892DA0089FF2808DA0089FF2C08E1
:205AC000DA0289FF2D0882FF6CF7DA006CF800902040404C405DCCD5F80F6D004210022861
:205AE00002846D003E0F14FFB70F01F034FF09DF58086E03DA003C02DA0114F037F081F120
:205B000034FF02846D004D10820809D4100909A4BC096DFF3EFD3702680037080880DA0F18
:205B200037F8048582003708018782003708828C09DF59086E0382103C0282003708818D3C
:205B400082103708028FDA0137F8818E68484CD489CF0819820009DFC6086E043BF01FF09D
:205B60003C02DA0037F00900820109DFC408EE0409DF66086E02821137108104820109DF24
:205B8000C208EE0409DF66086E0282113710010509DF5B0837F0020809DF5C0837F00209A9
:205BA00009DF680837F0020D09DF690837F0020E685009DEA009BD0E3B00D4EFBCFF0CE40B
:205BC00009E85508C814088408C5A6F56DFF9DFAC814088402856DFFD0FACCE2BCFF0CEC1E
:205BE00009E85508C814088408C5A6F56DFF8DFAC814088402856DFFC0FACCE4BD0F1800EB
:205C000009EF140809E85508C8140884370F68506DFF7BFAC814088402856DFFAEFAD4F212
:205C2000D4F40C4408C0370F03F02C24D80FECCAF4CCDA006CC1A00FECC2910000F8D9FFD9
:205C40008605ECC5910000F8D9FF8A25ECC609DF66086E0C910000F8D9FF0C06ECC79100BF
:205C600000F8D9FFC0E5ECC83C0B910000F8D9FF36C6ECC7910000F8D9FF1CC6ECC891001C
:205C800000F8D9FF3E76ECC909DF6608DF0F8C00DA0189CF061849A4000A9110005F6DFF47
:205CA00048EC49A4040A49A5000A6DFF8FEC09DF250889CF051809CF05182CA8DA0089AF71
:205CC0002708DA0189AF3408DA0089AF0A09DA0089AF2A08DA0089AF2F08DA00ACAFDA0085
:205CE00089AF2308D80F49FF241A80FF89AF0E09DA0089AF2D08DA0189AF3008DA0089AF62
:205D00002108DA0089AF2208DA0089AF20080CD889AF3A0809DFC40889AFB80849C4380A8B
:205D200049A5040A6DFF07EC09DF240889CF041809CF04182CA8DA0089AF2708DA0189AF64
:205D40003408D80F49FF102A80FF89AF0A09DA0089AF2A08DA0189AF2F08DA0089AF0E091D
:205D6000DA0089AF2D08DA0089AF3008DA00ACAFDA0089AF2108DA0089AF2208DA0089AFD4
:205D80002308DA0089AF20080CD889AF3A0809DFC20889AFB80849C42C0A49A5040A6DFFEB
:205DA000CAEB3C04DA0089CF0618BBF0FFFFD80F89FF141909CF46186E4509A4BC096DFF92
:205DC00072FC914000FFD9FF3038534221F010FF3C01821009DF2508370F70F014F1370FBB
:205DE00068F037F108F034FF081F370F83F12CF1083F96022CF3081F96042CF109A4BC09AC
:205E00006DFF51FC914000FFD9FF3038534221F010FFB04F3C01821009DF2408370F70F07C
:205E200014F1370F68F037F108F034FF081F370F83F12CF1083F96022CF3081F96042CF192
:205E40003C6D09DFC4086E2109A4BC096DFF2BFC914000FFD9FF3038534221F010FF3C014F
:205E600009D0480809DFC40814F1370F68F037F108F034FF081F370F83F12CF1083F960272
:205E80002CF3081F96042CF109DFC2086E2209A4BC096DFF08FC914000FFD9FF303853423C
:205EA00021F010FFB04F3C0109D0480809DFC20814F1370F68F037F108F034FF081F370F48
:205EC00083F12CF1083F96022CF3081F96042CF109DFC6086E2309A4BC096DFFE4FB914080
:205EE00000FFD9FF3038534221F010FF49FF080A3C0109D0480809DFC60814F1370F68F095
:205F000037F108F034FF081F370F83F12CF1083F96022CF3081F96042CF1D80F09FF53080A
:205F2000960189FF13080090404F405C40F46D007D1AE85CDA0089FF1808DA0089FF1908EB
:205F4000DA0089FF1A08DA0089FF1B08DA0089FF1C08DA0089FF2808DA0089FF2908A002EB
:205F6000E88282FF89FF240882FF89FF2508DA0089FF2608BB00C2FB9BEFC3F46CF4009013
:205F8000911000CF094804186DFF2DFC402F530822F010C2392F1E02370F61F18B0F200205
:205FA000DF100D80530822F010C2530822F010C4394F1F029604E92F1F023C01DF0011003C
:205FC00009FF00196E0609F2801940F42D020000084FB70F01F02CF4D4F46D004C02530829
:205FE00022F010CF39FF1E02370FE1F18B0F20F25E1C530822F010CF530822F010C2392F27
:206000001F029604E9FF1F023C010090404C40C46DFFE9FB402F9110005F09C1051809C6EA
:20602000A80949F7100A530122F01052392F1E02370FE1F18B0F2002DF100D80530122F04F
:206040001052530122F01054394F1F029604E92F1F023C01DF001A00530122F0105F39FF55
:206060001E02370F61F18B0F20F25E1C530122F0105F530122F01052392F1F029604E9FF9A
:206080001F023C011D00BC0009FF60181E1509FF6018DF3F2580530122F0105F39FF1E02A6
:2060A000370F61F18B0F20F25E1C530122F0105F530122F01052392F1F029604E9FF1F0259
:2060C0003C01534120F0105F534120F01052392FC2819602E9FFC2811D00920009FF6018CD
:2060E000DF4F2480530122F0105F39FF1E02370F61F18B0F20F25E1C530122F0105F5301BA
:2061000022F01052392F1F029604E9FF1F023C01534120F0105F534120F01052392FC281DE
:206120009602E9FFC2813C6B530122F01052392F1E02370F61F18B0F2002DF100D80530181
:2061400022F01052530122F01054394F1F029604E92F1F023C01DF00530088AFBF2F5000A1
:20616000530122F01052530122F01054394F1F029604E92F1F02534120F01052534120F067
:206180001054394FC2819602E92FC281547FEE0C48CF8210370F01F0896F201909FF0419DA
:2061A000896F24193C2C48CF8210370F01F0896F201909FF5D18FF9F0A80D47288AF102FD0
:2061C00009FF7FF8896F24193C1A09F05D18DA103F0F0D8088AFC2FF532F20F0D47F10FF96
:2061E00009FFC008896F24193C0A88AFC2FF534F20F0D47F10FF54FF896F24190090404CA4
:2062000009C2A809092FC0188FFF1F813C01BBF0FF0F8920141940C46DFFE5FA402F911099
:2062200000DF6F08070009FF6118960189FF21186F18070009FF6118960289FF21186F2829
:20624000070009FF6118960489FF21186F78070009FF6118968089FF21186F38070009FF5F
:206260006118960889FF21186F48070009FF6118961089FF21186F58070009FF611896209B
:2062800089FF21186F68070009FF6118964089FF2118DF08110009FF00196E0609F2801926
:2062A00040F42D020000084FB70F01F02CF4D4F46D00E10009CF46186E3109C0041853002A
:2062C00022F010DF39FF1E02370F61F18B0F20F25E1C530022F010DF530022F010D2392FA4
:2062E0001F029604E9FF1F023C0109C00518530022F010DF39FF1E02370F61F18B0F20F2C7
:206300005E1C530022F010DF530022F010D2392F1F029604E9FF1F023C010090404F40F4AC
:206320006DFF61FA0925AC0940242D050000484FC21F6CF40090404F40F46DFF54FA09250A
:20634000A80940242D050000483FC21F6CF30090DA01494F0408EE0382023C0282123C019C
:2063600000900C5109406A2837F001F0894F2A280C5209406A2837F001F1894F2A280C5338
:2063800009406A2837F081F1894F2A280C5409406A2837F001F2894F2A280C5509406A28A4
:2063A00037F001F3894F2A280C5609406A2837F081F3894F2A280C5709406B2837F001F33C
:2063C000894F2B280090404FD4F2D4220924A80949FC180A094F4218370FE3013C0188EFE2
:2063E0000B0F80F1370F508054CFEE0A82003C05094110293C01C2103F80FC7F3C2609F0F7
:206400005D18FF900B80D4C502846DFF7DF9D4C201280026F4C23C1909F05D18DA103F0F56
:206420000C80D4C502846DFF5BF9532820F0D4C21022F4C23C0AD4C502846DFF5BF9534828
:2064400020F0D4C21022F4C288EFA28FACFE88EFEE1009FF00196E0609F2801940F42D025B
:206460000000084FB70F01F02CF4D4F46D0003000090DA006C410090404F49FC100A88AFEA
:20648000BF1FEB00D4F2D422092DA80909FF7308370F644209DF421816073C018B4F0001AA
:2064A00009FF5E185E12C2F088AF7E02C2F088AF0B0F80F1370F5080BF18CF0088AF52804C
:2064C000A8A088AFEE0382113C02820109FF5E18DE11BF28100088AF6E0D4DC0E20F3700AD
:2064E000E1078B0020923C010D00400300003C013C084DC0E20F3700E1078B0020923C01D2
:2065000009FF5E18DE14820089F01E1809FF5F18EE0848CF8200370F01F089DF20193C07B1
:2065200048CF8210370F01F089DF201954CFEE1E09F00419DF01130082013C0489D0241949
:20654000C2119AF83FF1FC7F48CF8211371F01F089DF201989D024193C08DA003C0489D04C
:206560002419C21F3F8FFD7F3C7409FF5D18FF9F2480DF011800BF280800D4C59AF840D41E
:2065800002F56DFF12F948CF8210370F01F089DF2019D4CF01F800F609FF7FF889DF241956
:2065A0003C06D4C540D402856DFFFFF8D4CF01F800F6F4CF3C4E09F05D18DA103F0F2780D6
:2065C000DF011A00BF280800D4C59AF840D402F56DFFCAF848CF8210370F01F089DF2019ED
:2065E000C2F8532820F0D4CF10FF09FFC00889DF24193C0BD4C540D402856DFFB5F8532820
:2066000020F0D4CF10FFF4CF3C24DF011900BF280800D4C59AF840D402F56DFFB6F848CF46
:206620008210370F01F089DF2019C2F8534820F0D4CF10FF54FF89DF24193C0BD4C540D4ED
:2066400002856DFFA2F8534820F0D4CF10FFF4CF76930D00000300902008404D49DF100AED
:20666000D4D2D42C8CDA82404B0F0102F6188CDA82404B0F0102370068F03C088CDA824061
:206680004B0F0102370068F0C21F370F688009DF60189E4B8CDA3B0001004B0F0102F619A8
:2066A0008CDA3B0001004B0F0102370068F03C098CDA3B0001004B0F0102370068F0C21F98
:2066C00042F8C2F83708688009CF4618DF0F2102911000EF09C4A809F4A46DFFE4F75342D6
:2066E00021F03C0109C9051809CA04184DC0E2FF370FE1F78B0F20B23C010D004003000069
:206700003C01530922F010E2530922F010E4B940140237800E00F92014028220530922F067
:2067200010E2530922F010E4394F1602370F83F2E92F160254FFB70F1C007B0000FD7E0F40
:206740004DC0E1FF16073C0154F0B7000C0AB770030E7B000011E21FA2F03C0254F05309AC
:2067600022F010EF59F00802820082118202530922F010EF19F31002370303303713813128
:2067800037230434530922F010EF59F31002530922F010EF530922F010E2392F1202B70F8D
:2067A00001F2E9FF120209DF60189E4DD4AF49FF1C1A530922F010E280FF592F0C028200A7
:2067C00082118202530922F010EF19F31002370303323713813337230436530922F010EFA9
:2067E00059F31002530922F010EF530922F010E2392F1F029604E9FF1F028CDA82404B0FC0
:206800000102F6188CDA82404B0F0102370068003C088CDA82404B0F010237006800C21009
:20682000530A22F010EF530A22F010E2B92F140237007000370F0EF0F9FF14028220530A93
:2068400022F010EF530A22F010E2392F1602370F83F2E9FF16024CD6EE4049DF081A80FF72
:20686000B70F1C007B0000FDFE014DC0E1FF16073C0149DF081A80F0B7000C0AB770030EB9
:206880007B000011E21FA2F03C0449DF081A80F0530A22F010EF59F00C0282008211822261
:2068A000530A22F010EF19F31002370303323713813337230436530A22F010EF59F310027F
:2068C000530A22F010EF530A22F010E2392F12029620E9FF12023C3C4CD6B70F1C007B00C4
:2068E00000FDFE004DC0E1FF8F7F00013C014CD6B70F0CFAB77F031E7B0000F1E2F0A2013E
:206900003C0309D11809530A22F010EF59F10C02820082118202530A22F010EF19F3100252
:20692000370303323713813337230436530A22F010EF59F31002530A22F010EF530A22F0AD
:2069400010E2392F1202B70F81F2E9FF1202530A22F010EF530A22F010E2392F1F029604A2
:20696000E9FF1F02BBF0FFFFD4A4894F14196DFF9AF6914000FFD9FF3038534221F010FF27
:206980003C01083F96022CF3D4A46DFF8CF6914000FFD9FF3038534221F010FFB04F3C0155
:2069A000083F96022CF3D4A46DFF7DF6914000FFD9FF3038534221F010FF49FF080A3C0126
:2069C000083F96022CF3530A22F010EF530A22F010E2392F1F029604E9FF1F02534A20F011
:2069E00010EF534A20F010E2392FC2819601E9FFC28109DF6018DF3F308009D09408DA10FF
:206A00003FF00A0009D0F208DA0F37F085F389DFB2083C0B09D0F2088CDAC2FF370F70F0D9
:206A200037F085F389DFB20809D09408DA103FF0090009DF7008B70F01F089DF30083C0605
:206A400009DF7008960189DF300809DF7208964089DF32083C3709DF6018DF1F248009D077
:206A60009408DA103FF00A0009D0F208DA0F37F085F389DFB2083C0B09D0F2088CDAC2FF99
:206A8000370F70F037F085F389DFB20809DF7008960189DF300809DF7208964089DF32081E
:206AA0003C1109DF7008960189DF300809DF7208964089DF320809DFF208B70F85F389DF90
:206AC000B208530922F010EF530922F010E2392F1F029604E9FF1F02534920F010EF5349BC
:206AE00020F010E2392FC2819601E9FFC28109DF60181E464CDCD4AF89FF1C193C054CDC92
:206B0000D4AF89FF201976B30D0000033C010090534420F0911000F8D9FF2C5E10FF54F135
:206B2000404CB04C913000FFD9FF00069130002F392F1B06370F62F3EE06BB00C2FB9BEF25
:206B4000CBF43C1A9130002F392F1B06370F62F35E16BB0068F99B8FB9F43C0E9130002F6B
:206B6000392F1B06370F62F35E26BB0068F99B8FB9F43C02DA003C0109F059083700E700AD
:206B8000C2104B0041014B0F410009FF5B081607C21F4B0F41F14BF051F07B802C044B0113
:206BA00051007B0000144B104100BB00A01B9BB1A5144B1F51F04BF041F0744F544F7B00E6
:206BC00020047B00F0136B0F61416D007614B4C2009020108208911000F8D9FF1C5E49FF0D
:206BE000000A49A2000AA0F404FF242FFC4E913000FF39FF0116370F62F282103E04822043
:206C0000BE073C1C82146D005801913000FF39FF0116160F6E0C913000FF39FF0116160F19
:206C200010AF14FF4B0F61F14BF251803C08BB0068899B88B9843C013C023C0102823C01FF
:206C400000908208913000FF39FF3406370F62F282103E048220BE053C1A82146D002D018E
:206C6000913000FF39FF3406160F6E0A913000FF39FF3406160F4B0F41F14BF251803C0810
:206C8000BB0068899B88B9843C013C023C0102823C010090913000FFD9FF00069130002F51
:206CA000392F1B06370F62F3EE06BB00C2FB9BEFCBF43C1A9130002F392F1B06370F62F391
:206CC0005E16BB0068F99B8FB9F43C0E9130002F392F1B06370F62F35E26BB0068F99B8F25
:206CE000B9F43C02DA003C0109F069083700E700C2104B0041014B0F411009FF6B08160768
:206D0000921009FF6C081607C21FE2F04B0041F14BF151203C010090913000FFD9FF0006F0
:206D20009130002F392F1B06370F62F3EE06BB00C2FB9BEFCBF43C1A9130002F392F1B06BB
:206D4000370F62F35E16BB0068F99B8FB9F43C0E9130002F392F1B06370F62F35E26BB0094
:206D600068F99B8FB9F43C02DA003C0109F068086F001F8009F069083700E700C2104B006A
:206D800041014B0F411009FF6B081607921009FF6D081607C21FE2F04B0041F1BBD0CC0C9F
:206DA0009BC0FC034B0F41F04BF151203C1909F069083700E700C2104B0041014B0F41105A
:206DC00009FF6B081607921009FF6D081607C21FE2F0532020F04B0F41F14BF151203C0133
:206DE0000090913000FFD9FF00069130002F392F1B06370F62F3EE06BB00C2FB9BEFCBF49C
:206E00003C1A9130002F392F1B06370F62F35E16BB0068F99B8FB9F43C0E9130002F392FFF
:206E20001B06370F62F35E26BB0068F99B8FB9F43C02DA003C0109F059083700E700C21080
:206E40004B0041014B0F411009FF5C081607921009FF5B081607C21FE2F04B0041F14BF1DB
:206E600051203C01009082088202913000FF39FF3706370F62F282103E0482203E063C09F8
:206E800082146D001A003C0682246D0016003C023C01913000FF39FF3706160F6E0A91305C
:206EA00000FF39FF3706160F4B0F41F14BF2518002823C010090913000FF39FF3306370FD7
:206EC00062F282003E0482103E083C23BB00C22B9BE2CB243C013C1FDA003E46DA013E47F9
:206EE000DA02BE413C136DFF7EFF3C126DFFD4FE913000FF39FF3406AE757B0000F44BF2F2
:206F000051203C066DFF0AFF3C0382023C013C0382023C013C01009082046DFFCEFF9130FC
:206F200000FF39FF3106370F6302DA003E0EDA015F0F2400DA025F0F2600DA035F0F2800C2
:206F4000DA045F0F2A003C2D913000FF39FF3206160F6E07913000FF39FF3206160F5E13C2
:206F600082023C0A913000FF39FF3206160F4B0F41F14BF251203C177B001FF44BF2512029
:206F80003C127B0027F44BF251203C0D7B002FF44BF251203C087B0037F44BF251203C03F3
:206FA00082023C013C010090404F82029130002FD92228A6542F370F6EF18FFF83113C01F0
:206FC0009130002F192F28A66F1F12008F2120F096019130002F192028A6370070088F007F
:206FE0002100A60F9130002F592F28A68F2120F096029130002F192028A6370070088F00E8
:207000002100A60F9130002F592F28A63C019130002F192F28A61601DF1FFB7F3B00000146
:207020003C05C2F04E0382123C089130002F392F3306370FE1F3EEF69130002F192F300637
:207040008200370F02FE8210370F01FF9130002F592F30063B0000013C05C2F04E038212CE
:207060003C089130002F392F3306370FE1F3EEF6DABC9130002F592FB4069130002F192F3D
:20708000A0563B20FE0F260F9130002F592FA0569130002F192FA4563B20FE0F260F91305F
:2070A000002F592FA4569130002F192FA8563B20FE0F260F9130002F592FA856DA0091303B
:2070C000002F592FB4069130002F392F1A06B70F01F09130002FE92F1A069130002F392F90
:2070E0002A06B70F01F09130002FE92F2A063B0000F33C05C2FF4EF382123C0D9130002F33
:20710000392014066F10F87F9130002F392024066F10F27F084F1E13084FDE289130002FCE
:20712000192F10068200370F82F254F03B90D03306634B3011428B141F0037006800370FC9
:2071400005F89130002F592F10069130002F19201806086F37F0030C087F37F08704084F20
:2071600037F0020F9130002F592018069130002F1920280608EF37F0010008AF37F0030CED
:2071800008BF37F087049130002F592028069130002F392F1A0696019130002FE92F1A06A8
:2071A0009130002F392F2A0696019130002FE92F2A063B0000F33C05C2FF4EF382123C1126
:2071C0009130002F392014063700E100DF10F67F9130002F392024063700E100DF10EE7FE9
:2071E0003B0000063C05C2F04E0382123C169130002F392F1406370FE1F26EF69130002F45
:20720000392F2406370FE1F26EEF9130002F392F2406370F61F26EE89130002F39201C068A
:20722000088F37F003F09130002FE92F1C069130002F19202C0608CF37F0030008DF37F009
:2072400003049130002F59202C063B0000063C05C2F04E0382123C169130002F392F1406AF
:20726000370FE1F26EF69130002F392F2406370FE1F26EEF9130002F392F2406370F61F27E
:207280006EE83BF0490206503C05C2F04E0382123C0C9130002F392F1006AE179130002F89
:2072A000392F11066F0FF37F9130002F392F1A0696049130002FE92F1A069130002F392FCD
:2072C0002A0696049130002FE92F2A063B0000F33C05C2FF4EF382123C0D9130002F392015
:2072E00014066F20F87F9130002F392024066F20F27FDABC9130002F592FB406DA05913093
:20730000002F592FA006DA1D9130002F592FA076DA009130002F592FB4069130002F192056
:207320003006DA0137F0020EDA0137F0010F3B0000313C05C2F34E3382123C089130002F48
:20734000392F3306370FE1F3EEF69130002F592030063B0000013C05C2F04E0382123C0897
:207360009130002F392F3306370FE1F3EEF69130002F192F28A66F1F12008F2120F0960181
:207380009130002F192028A6370070088F002100A60F9130002F592F28A686218F3140F104
:2073A0009130002F192028A6370070088F002100A60F9130002F592F28A63C019130002F4F
:2073C000192F28A66F0FFC7F022F3C01EE0509F4A0196D009802DF0FE28149F21C0A82024A
:2073E0009130004FD94428A6544F370F6EF18FFF83113C019130004F194F28A66F1F120005
:207400008F2120F096019130004F194028A6370070088F002100A60F9130004F594F28A644
:207420008F2120F096029130004F194028A6370070088F002100A60F9130004F594F28A623
:207440003C019130004F194F28A61601DF1FFB7F9130004F19403006488F82F3C63F26F014
:20746000488F5423263FA6F03B0000313C05C2F34E3382123C089130002F392F3306370F31
:20748000E1F3EEF69130002F592030063B0000013C05C2F04E0382123C089130002F392FE5
:2074A0003306370FE1F3EEF69130002F19203406370062F2EE07370062FAEE04370062FE96
:2074C0006E369130002F1920340648AF82F3C63F26F048AF4893263FA6F0DA0037F002024C
:2074E000DA0037F0020ADA0037F0020E3B0000313C05C2F34E3382123C089130002F392F5B
:207500003706370FE1F3EEF69130002F592034063B0000013C05C2F04E0382123C08913074
:20752000002F392F3706370FE1F3EEF69130002F1920340648AF82F3C63F26F048AF4893BD
:20754000263FA6F03B0000313C05C2F34E3382123C089130002F392F3706370FE1F3EEF6E2
:207560009130002F592034063B0000013C05C2F04E0382123C089130002F392F3706370F35
:20758000E1F3EEF69130002F192F0016370F62F66E309130002F1920001648CF82F3C63FD9
:2075A00026F048CF48B3263FA6F0DA0037F002063B0000313C05C2F34E3382123C08913023
:2075C000002F392F0316370FE1F3EEF69130002F592000163B0000013C05C2F04E0382126A
:2075E0003C089130002F392F0316370FE1F3EEF69130002F1920001648CF82F3C63F26F0F2
:2076000048CF48B3263FA6F03B0000313C05C2F34E3382123C089130002F392F0316370FEB
:20762000E1F3EEF69130002F592000163B0000013C05C2F04E0382123C089130002F392F63
:207640000316370FE1F3EEF69130002F19200C1648EF82F3C63F26F048EF48D3263FA6F0B4
:20766000DA0137F0010F3B0000313C05C2F34E3382123C089130002F392F0F16370FE1F3A6
:20768000EEF69130002F59200C163B0000013C05C2F04E0382123C089130002F392F0F16A6
:2076A000370FE1F3EEF69130002F1920002609FF001982F3C63F26F009F3001948FF26F357
:2076C000A6309130002F592000269130002F192F042609F0081982F3C630260F09F008190F
:2076E00009F304192630A60F9130002F592F04269130002F192F082609F0101982F3C630D1
:20770000260F09F0101909F30C192630A60F9130002F592F08269130002F192F0C2609F0DD
:20772000181982F3C630260F09F0181909F314192630A60F9130002F592F0C269130002F80
:20774000192F28A66F1F12008F2120F096019130002F192028A6370070088F002100A60F11
:207760009130002F592F28A686218F3140F19130002F192028A6370070088F002100A60F20
:207780009130002F592F28A63C019130002F192F28A66F0FFC7F022F3C01DF0FB18049FC95
:2077A000140A82089130002FD92228A6542F370F6EF18FFF83A13C0182091D009C0091304C
:2077C000002F192F28A66F1F12008F2A20F096019130002F192028A6370070088F0021000E
:2077E000A60F9130002F592F28A68F2A20F096029130002F192028A6370070088F002100D7
:20780000A60F9130002F592F28A63C019130002F192F28A61601DF1FFB7F3B0000063C0519
:20782000C2F04E0382183C089130002F392F1406370FE1F26EF69130002F39201C06536951
:2078400020F0C8621022142F37F003F09130002FE92F1C069130002F192F28A66F1F12008F
:207860008F2A20F096019130002F192028A6370070088F002100A60F9130002F592F28A657
:207880008F2A20F096039130002F192028A6370070088F002100A60F9130002F592F28A635
:2078A0003C019130002F192F28A66F0FFC7F536920F0C8621022092B020982046DFFFDFA3C
:2078C0009130002F392F3006160F4B0F41F14BF251F03C014BBF41F04B0F71F185F1100130
:2078E0003C0185F01001A2103FF0FDFFC2193709689014CF3FF965FF028F3C0102F23C0157
:2079000000902008144F09444108DF1F298049A4000A6DFFFFF86D003801022F02F46D007B
:207920004800913000FF19F1200609A0C408BB00402FA62037011010913000FF59F1200622
:20794000913000FF19F01806821137100101913000FF59F0180602F46D004A0100904DC0F2
:20796000E1FF16073C0153CF20F060FF9130003F30F3D93F0C9654FF2E1B8F2420F0960169
:2079800054F0370070088F002100A60F74FF86248F2440F154F0370070088F002100A60F36
:2079A00074FF3C0154FF1601DF1FFE7F0090913000FF19FF28A66F1F12008F2420F0960102
:2079C000913000FF19F028A6370070088F002100A60F913000FF59FF28A686248F2440F188
:2079E000913000FF19F028A6370070088F002100A60F913000FF59FF28A63C01913000FFF9
:207A000019FF28A61601DF1FFB7F00904DC0E1FF16073C01913000FFD9FF0C9653CF20F0AE
:207A200010FF54FF2E1B8F2420F0960154F0370070088F002100A60F74FF8F2420F096021B
:207A400054F0370070088F002100A60F74FF3C0154FF1601DF1FFE7F084F96082CF454FFD1
:207A60002E1B8F2420F0960154F0370070088F002100A60F74FF86248F3440F154F037007F
:207A800070088F002100A60F74FF3C0154FF6F0FFF7F0090913000FF19FF28A66F1F120034
:207AA0008F2420F09601913000FF19F028A6370070088F002100A60F913000FF59FF28A6DB
:207AC0008F2420F09602913000FF19F028A6370070088F002100A60F913000FF59FF28A6BA
:207AE0003C01913000FF19FF28A61601DF1FFB7F913000FF39FF2CA69608913000FFE9FF04
:207B00002CA6913000FF19FF28A66F1F12008F2420F09601913000FF19F028A637007008AD
:207B20008F002100A60F913000FF59FF28A686248F3440F1913000FF19F028A63700700816
:207B40008F002100A60F913000FF59FF28A63C01913000FF19FF28A66F0FFC7F00904DC061
:207B6000E1FF16073C0153CF20F060FF9130003F30F3D93F0C9654FF370F6EF18FFF832133
:207B80003C013C010090913000FFD9FF28A654FF370F6EF18FFF83213C013C0100904DC034
:207BA000E1FF16073C0153CF20F060FF9130003F30F3D93F0C9654FF2E1B8F2420F0960127
:207BC00054F0370070088F002100A60F74FF86248F3440F154F0370070088F002100A60FE4
:207BE00074FF3C0154FF6F0FFF7F0090913000FF19FF28A66F1F12008F2420F09601913095
:207C000000FF19F028A6370070088F002100A60F913000FF59FF28A686248F3440F1913035
:207C200000FF19F028A6370070088F002100A60F913000FF59FF28A63C01913000FF19FF5F
:207C400028A66F0FFC7F0090F647094F40189601894F00183C08DF140780094F4018960451
:207C6000894F00180090F647094F7C089601894F3C083C08DF140780094F7C089610894FA0
:207C80003C0800900940283905FF402416015E1FDA0137F0010EDA0237F0040C894028391C
:207CA000094F6B38B70F01F2894F2B38009082F282003C17538020F0911000F8D9FF088E12
:207CC00010FFD4FF7D4F0D80538020F0911000F8D9FF088E10FF481F370F48203C04C21049
:207CE000BF40EAFF3C010090404C405F09C0380909C13C0914FFEE0C083F37F00500082FD4
:207D000037F00504081F37F1011182183C0F14FF5E1C083F37F00508082F37F0050C081F4F
:207D200037F1011382183C02820889C13C0989C0380940C46DFFBDFF09FFC8086E26081FCD
:207D4000EE099140002FD92200C8538220F010223C099140002FD92200C8538220F0102233
:207D6000B04208A009FFC8081421370F68F037F108F0342F0C21370F83F12C210C23960240
:207D80002C230C2196042C2108264CC4820102F009C32C0982020F20A0400F31A0503C01CC
:207DA0006DFF6EC13C0114FF534F20F010C28922300914F440C46DFF49FF14F440C46DFF38
:207DC00054FF08264CC4820102F009C32C0982020F20A0400F31A0503C016DFF51C13C01E1
:207DE00014FF534F20F010C2481F42F28922300902823C010090DA00344FDA002C42DA1F7E
:207E00002C43DA002C4182FF6C41DA00AC44DA002C4A009091100048D944AC6D8212913060
:207E2000002F192F34A6370F6EF18FFF83313C019150022F392F2C081601DF1F70800945CC
:207E400084093C648F2320F07BC0FF0FA60F9130002F592F34A63C019130002F192F34A694
:207E6000370FE1F0DF1FFA7FCC513C0DD4F25420482F82F1C61F26F0481FA6F0D4F2742098
:207E800049FF0C0A80F0145F53CF20104C5142F13F10EEFF9150022F392F0B4896409150BF
:207EA000022FE92F0B488F2320F07BC0FF0FA60F96029130002F592F34A63C01913000FF7F
:207EC00019FF34A66F1FFC7F3B0010F0C2FF4EF382023C09915002FF39F00B4837006103A8
:207EE000DF10F67F4C52BB00520C9BB0BF044B0F41F04B0F71F185F110013C0185F01001C8
:207F0000A2103FF0FDFF49550C0A8050144F53CF20104C4142F13F1097FF022F3C01EE0248
:207F200000A0DC0B009091100028D922B46D8210915002FF39FF2C081601DE1C82023C0D87
:207F4000CC2153C220F010FFD4F45441482F26F1481F3E128200C212142F3FF2F37FDF1033
:207F60000A80915002FF39FF2E08370FE1F21E1282003C01F60200A0DC0B0090025FC234B9
:207F8000B7040200370050808BC801008B8000406D00A015BC2640240B8F10486D000400B3
:207FA0003C010090C234B70402F0370F5000DA00894F1808DA01894F1908804F8BCF01F0FB
:207FC000C27FB70F03F0744FDA00AC42DA00AC47DA00894F0A09894F0609DA00AC49AC48E0
:207FE000894094088945960840423C010090544F2E1B8F2400F096015440370070088F0069
:208000000100A60F744F06248F2440F15440370070088F000100A60F744F544F009091309A
:2080200000FF19FF28A66F1F12008F2400F09601913000FF19F028A6370070088F000100AB
:20804000A60F913000FF59FF28A606248F2440F1913000FF19F028A6370070088F000100A1
:20806000A60F913000FF59FF28A6913000FF19FF28A6009002484DC0E1FF16078B5F20F3DE
:208080003C0153CF20F060FF9130003F30F3D93F0C9640F402846DFFACFF084F96082CF44F
:2080A00040F402846D008F000090024802846DFFB8FF913000FF39FF2CA69608913000FF5F
:2080C000E9FF2CA602846D00960000906D000B0A6D00B914009002484DC0E1FF16078B5F43
:2080E00020F33C0153CF20F060FF9130003F30F3D93F0C9640F402846DFF7BFF084FB70F05
:2081000081F12CF440F402846D005D000090024F02F46DFF86FF913000FF39F02CA6B7000F
:208120008101913000FFE9F02CA602F46D0063000090BB00C20B9BE0CB04913000FF39FF32
:208140001B06370F62F35E26BB0068199B81B9143C0B5E16BB0068199B81B9143C05BB00DE
:20816000C21B9BE1CB14913000FF39FF3306370F62F26E1D913000FF39FF1906370FE7F03D
:20818000C21F4B0F61F14BF14110913000FF39FF1B0616079210913000FF39FF1C061607B6
:2081A000C21FE2F04B0061F14BF15100913000FF39FF3006160F4B0F41F14BF051203C011A
:2081C0000090544F2E1B8F2400F096015440370070088F000100A60F744F06248F3440F180
:2081E0005440370070088F000100A60F744F544F0090913000FF19FF28A66F1F12008F2408
:2082000000F09601913000FF19F028A6370070088F000100A60F913000FF59FF28A606243C
:208220008F3440F1913000FF19F028A6370070088F000100A60F913000FF59FF28A6913018
:2082400000FF19FF28A600909120003030434933088A543F06F4374F9FF091200030304351
:208260004933088A743F9120003030434933148A543FEF8F0A00B70F01FC9120003030439D
:208280004933148A743F00906DFF18C76DFF07C46DFFB8C56DFF08C16D002D016D00640273
:2082A0006D0071036D0051056D00D6076D00AA1A8204BB00205C9B150050820682076D0064
:2082C0006A2100906DFF07C66DFF5BC16D00C5066DFF87C600900D000002910000F7D9FFD2
:2082E0005404C83F8200DA010F0F00F089FF1059910000F7D9FF5404DA0189FF0D589100B2
:2083000000F7D9FF540449F4080A910000F7D9FF540449F5005A910000F7D9FF540449F6A0
:20832000185A6DFFB9D5910000F7D9FF4C04D4FF910000C7D9CC4C040CC482189B18008064
:208340000FF8108068180D00400200800D000002910000F7D9FF7454C8BF8200DA010F0FFE
:2083600000F089FF1059910000F7D9FF7454DA0189FF0D58910000F7D9FF745449F4280A95
:20838000910000F7D9FF745449F5005A910000F7D9FF745449F6185A6DFF7ED5910000F7FD
:2083A000D9FF4C04D4FF910000C7D9CC4C040CC482189B1800800FF8108068180D00400272
:2083C00000800D000002910000F7D9FF54B4C8BF8200DA010F0F00F089FF1059910000F73B
:2083E000D9FF54B4DA0189FF0D58910000F7D9FF54B449F4280A910000F7D9FF54B449F558
:20840000005A910000F7D9FF54B449F6185A6DFF43D5910000F7D9FF4C04D4FF910000C78A
:20842000D9CC4C040CC482189B1800800FF8108068180D00400200800D000002910000F72D
:20844000D9FF5404C83FDA0982180FF8008089F81059910000F7D9FF4404D4FF910000C724
:20846000D9CC44040CC47B1000800FF8108068180D00400200800D000002910000F7D9FFDF
:208480007454C83FDA0982180FF8008089F81059910000F7D9FF4404D4FF910000C7D9CCA7
:2084A00044040CC47B1000800FF8108068180D00400200800D000002910000F7D9FF54B43C
:2084C000C83FDA0982180FF8008089F81059910000F7D9FF4404D4FF910000C7D9CC4404E7
:2084E0000CC47B1000800FF8108068180D0040020080201091000047D94454049100025F4C
:208500006DFF88CE91000047D9445404B04491000057D95554046DFF6BCE910000F7D9FFE5
:20852000540449F4081A91000057D9555404B0456DFF96D4910000F7D9FF5404DA0089FF31
:208540000C18910000F7D9FF5404DA0289FF0E18910000F7D9FF54043B90D0F3065F89FF82
:208560001019910000F7D9FF5404DA0089FF9818910000F7D9FF54043B00F4F189FF9418FC
:20858000910000F7D9FF54043B007DF089FF9618910000F7D9FF5404DA0389FF1A18910065
:2085A00000F7D9FF5404DA0A89FF1B18910000F7D9FF540491100028D922288E89F2984967
:2085C000910000F7D9FF5404DA0189FF2528910000F7D9FF5404DA0189FF1C28910000F74C
:2085E000D9FF5404DA1489FF9448910000F7D9FF5404DA0089FF1248910000F7D9FF5404CD
:20860000DA0289FF1648910000F7D9FF5404DA1589FF8248910000F7D9FF5404DA0189FF84
:208620000048910000F7D9FF5404DA0289FF0448910000F7D9FF5404DA0189FF3C1891008A
:2086400000F7D9FF5404DA0089FF3E18910000F7D9FF5404DA0F89FF0428910000F7D9FF86
:208660005404DA0289FF3418910000F7D9FF5404DA0189FF3518910000F7D9FF5404DA00F8
:2086800089FF3618910000F7D9FF5404DA0289FF3918910000F7D9FF5404DA0289FF3A1829
:2086A000910000F7D9FF5404DA0189FF3718910000F7D9FF5404DA0189FF3818910000F75D
:2086C000D9FF540449F4080A910000F7D9FF540449F5081A6DFFA6CD910000F7D9FF54046C
:2086E00049F4280A910000F7D9FF540449F5081A6DFF98CDDA0034AFDA002CA2DA012CA115
:20870000DA007801DA0A7802910000F7D9FF540449F4280A49A5000A6DFFABD4910000F716
:20872000D9FF540449F4005A6DFF4CCD910000F7D9FF5404DA0189FF0D58910000F7D9FF0D
:20874000540449F4185A3B500A403B8000506D004412910000F7D9FF540449F4304A6DFF94
:2087600031CD0090201091000047D94474549110025F6DFF4FCD91000047D9447454B04443
:2087800091000057D95574546DFF32CD910000F7D9FF745449F4081A91000057D95574542B
:2087A000B0456DFF5DD3910000F7D9FF7454DA0089FF0C18910000F7D9FF7454DA0289FFEE
:2087C0000E18910000F7D9FF74543B90D0F3065F89FF1019910000F7D9FF7454DA0089FF1D
:2087E0009818910000F7D9FF74543B00F4F189FF9418910000F7D9FF74543B007DF089FFF5
:208800009618910000F7D9FF7454DA0389FF1A18910000F7D9FF7454DA0A89FF1B18910093
:2088200000F7D9FF745491100028D922388E89F29849910000F7D9FF7454DA0189FF2528E3
:20884000910000F7D9FF7454DA0189FF1C28910000F7D9FF7454DA1689FF9448910000F745
:20886000D9FF7454DA0289FF1248910000F7D9FF7454DA0089FF1648910000F7D9FF74548A
:20888000DA1789FF8248910000F7D9FF7454DA0389FF0048910000F7D9FF7454DA0089FF36
:2088A0000448910000F7D9FF7454DA0189FF3C18910000F7D9FF7454DA0089FF3E1891001C
:2088C00000F7D9FF7454DA0F89FF0428910000F7D9FF7454DA0289FF3918910000F7D9FF27
:2088E000745449F4080A910000F7D9FF745449F5081A6DFF97CC910000F7D9FF745449F4A5
:20890000280A910000F7D9FF745449F5081A6DFF89CCDA0034AFDA002CA2DA012CA1DA0BEA
:208920007801DA147802910000F7D9FF745449F4280A49A5000A6DFF9CD3910000F7D9FF8C
:20894000745449F4005A6DFF3DCC910000F7D9FF7454DA0189FF0D58910000F7D9FF74542B
:2089600049F4185A3B500A403B8000506D003511910000F7D9FF745449F4304A6DFF22CC7C
:208980000090201091000047D94454B49100025F6DFF40CC91000047D94454B4B04491002E
:2089A0000057D95554B46DFF23CC910000F7D9FF54B449F4081A91000057D95554B4B045F5
:2089C0006DFF4ED2910000F7D9FF54B4DA0289FF0C18910000F7D9FF54B4DA0289FF0E1829
:2089E000910000F7D9FF54B43B90D0F3065F89FF1019910000F7D9FF54B4DA0089FF9818F1
:208A0000910000F7D9FF54B43B00F4F189FF9418910000F7D9FF54B43B007DF089FF961854
:208A2000910000F7D9FF54B4DA0389FF1A18910000F7D9FF54B4DA0A89FF1B18910000F7A8
:208A4000D9FF54B491100028D922089E89F29849910000F7D9FF54B491000027D92254B44D
:208A6000092FCC281B0F00F289FF8C28910000F7D9FF54B491000027D92254B4092FCE2821
:208A80001B0F00F289FF8E28910000F7D9FF54B491000027D92254B4092FD0281B0F00F20D
:208AA00089FF9028910000F7D9FF54B491000027D92254B4092FD2281B0F00F289FF9228C3
:208AC000910000F7D9FF54B491000027D92254B4092FD4281B0F00F289FF9428910000F757
:208AE000D9FF54B491000027D92254B4092FD6281B0F00F289FF9628910000F7D9FF54B4DB
:208B000091000027D92254B4092FD8281B0F00F289FF9828910000F7D9FF54B4DA0189FF33
:208B20002528910000F7D9FF54B4DA0189FF1C28910000F7D9FF54B4DA1889FF944891008A
:208B400000F7D9FF54B4DA0489FF1248910000F7D9FF54B4DA0089FF1648910000F7D9FFF6
:208B600054B4DA1989FF8248910000F7D9FF54B4DA0589FF0048910000F7D9FF54B4DA004F
:208B800089FF0448910000F7D9FF54B4DA0189FF3C18910000F7D9FF54B4DA0089FF3E18C2
:208BA000910000F7D9FF54B4DA0F89FF0428910000F7D9FF54B4DA0289FF3918910000F70B
:208BC000D9FF54B449F4080A910000F7D9FF54B449F5081A6DFF26CB910000F7D9FF54B4D9
:208BE00049F4280A910000F7D9FF54B449F5081A6DFF18CBDA0034AFDA002CA2DA012CA1E2
:208C0000DA157801DA1E7802910000F7D9FF54B449F4280A49A5000A6DFF2BD2910000F7BA
:208C2000D9FF54B449F4005A6DFFCCCA910000F7D9FF54B4DA0189FF0D58910000F7D9FF2B
:208C400054B449F4185A3B500A403B8000506D00C40F910000F7D9FF54B449F4304A6DFFB2
:208C6000B1CA0090910000F7D9FF540449F4005A6DFFA8CA910000F7D9FF540449F4185A55
:208C80003B500A403B8000506D00A70F3C01910000F7D9FF540449F4080A910000F7D9FF2D
:208CA000540449F5304A910000F7D9FF540449F6105A6DFF5DD1DA205F2FEB7F0090B7046C
:208CC0001615820082023C0D8F1100F186F142F037007000DA093E24861037007000C212E3
:208CE000BFA2F4FFBF0013803B001EF03F0F0F804B0061F17B6039044B0F51F0BB305C0F02
:208D00009BC011044B0F41203C1D3B0022F03FF019803BF03FF03F0F158082FFC6F08FF0C7
:208D20001FF1C21F82004B0F61F17B6039144B1F51F0BB305C1F9BC111146B1F71203C0201
:208D400082023C0100906D00030000906D0007006D0030006D006D000090204849A4000AE8
:208D6000C5F5C0016DFFE2E8DA0034AF911000F8D9FF189E49FF000A49A22C0AA05444FFB4
:208D8000642FFC4E49AF2C0AF808DA32ACA2DA33ACA1DA34ACA3DA002CA8910000F7D9FFA9
:208DA000B40449F4202A49A5000A6DFF93E60090203049A4000A910000F7D9FFB40449F56A
:208DC000202A6DFF6BE63B0040F29B4F97F478010CA8B70F81F12CA80CA896102CA80CA88F
:208DE00096202CA809A0C808DA1037F006F3ACA40CA996102CA90CA896022CA8DA0089AFB4
:208E00001209DA0089AF0A09911000F8D9FF309E09F0400989A06409910000F7D9FFB404E3
:208E200049F42C3A49A5000A6DFF3AE50090910000F7D9FFB404BB00F0F8B4FF910000F786
:208E4000D9FFB404BB00F0F8ACF1910000F7D9FFB404BB203AFCACF2910000F7D9FFB40463
:208E6000BB203AFCACF3910000F7D9FFB404BB203AFCACF482003C0C532020F0910000F7A4
:208E8000D9FFB40410FFDA0089FFA808C210DA143FF0F4FF910000F7D9FFB40449F42C3A84
:208EA00091000057D955B404B025910000F7D9FFB40449F62A0A82446DFFA7E43C019100F9
:208EC00000F7D9FFB40449F42C3A6DFFE0E4DF12F87F910000F7D9FFB404BB203AFCACF506
:208EE000910000F7D9FFB404BB203AFCACF6910000F7D9FFB404BB203AFCACF7910000F753
:208F0000D9FFB404BB203AFCACF8910000F7D9FFB40449F42C3A910000F7D9FFB40449F5FB
:208F20000A0A910000F7D9FFB40449F6320A82446DFF6BE43C01910000F7D9FFB40449F477
:208F40002C3A6DFFA4E4DF12F87F910000F7D9FF205491000027D922B404092FEA08B4FF33
:208F6000910000F7D9FF245491000027D922B404092FEC08B4FF910000F7D9FF2854910062
:208F80000027D922B404092FEE08B4FF910000F7D9FF2C5491000027D922B404092FF0089B
:208FA000B4FF910000F7D9FF305491000027D922B404092FF208B4FF910000F7D9FF3454E2
:208FC00091000027D922B404092FF408B4FF910000F7D9FF385491000027D922B404092FB0
:208FE000F608B4FF910000F7D9FF3C5491000027D922B404092FF808B4FF00900D000002DB
:209000000D000003910000F7D9FFB40449F4202A6DFFF7E80D00400200800D0000020D006B
:209020000003910000F7D9FFB40449F4202A6DFF77E90D00400200800D0000020D000003D4
:20904000910000F7D9FFB40449F4202A6DFF75E90D0040020080910000F7D9FFB4043B2065
:20906000FAF5ACF9910000F7D9FFB4043B20FAF5ACFA910000F7D9FFB4043B20FAF5ACFB4B
:20908000910000F7D9FFB4043B20FAF5ACFC910000F7D9FFB40449F42C3A910000F7D9FFAB
:2090A000B40449F5120A910000F7D9FFB40449F63A0A82446DFFA9E33C01910000F7D9FFA8
:2090C000B40449F42C3A6DFFE2E3DF12F87F6D0003000090910000F7D9FF00549100002730
:2090E000D922B404092FFA08B4FF910000F7D9FF045491000027D922B404092FFC08B4FFBE
:20910000910000F7D9FF085491000027D922B404092FFE08B4FF910000F7D9FF0C549100E6
:209120000027D922B404092FC018B4FF910000F7D9FF105491000027D922B4040924FA0834
:209140006DFFBFFD74F2910000F7D9FF145491000027D922B4040924FC086DFFB2FD74F29C
:20916000910000F7D9FF185491000027D922B4040924FE086DFFA5FD74F2910000F7D9FFB1
:209180001C5491000027D922B4040924C0186DFF98FD74F20090910000F7D9FFBC748214D2
:2091A0006D00360034F2910000F7D9FF808482246D002E0034F2910000F7D9FF84848234FD
:2091C0006D00260034F20090910000F7D9FF086409F04009910000F7D9FF006409F2400930
:2091E0000B2010F10B3180F2EE0382023C0F910000F7D9FF086491000027D92200640920C9
:20920000400989F0400982123C010090910000F7D9FF006409F04009D2020B0250F10B317E
:2092200000F20B31A0F2EE14910000F7D9FF006409F04009820702460B0110486DFF62B8AB
:209240008B0220F28B0300F5EE0382123C0382023C010090C5FF0041BCF182046DFF2DEE18
:20926000913000FF39FF3006160F4B0F41F14BF251F03C013C014B0F31F13B803E004B0F48
:209280000102535020F03C01910000F7D9FFB87474FF91000047D944AC746DFFAEF5910027
:2092A00000F7D9FFAC74DA28ACF4910000F7D9FFAC74DA042CFA910000F7D9FFAC74910088
:2092C0000027D922B874542F6CF1C5F4004191000057D955AC746DFF09F5C5F400416DFF60
:2092E000D3F400900D000002C5FD0041910000F7D9FFAC7414F8910000F7D9FFB87454F9A0
:20930000534820F010DC534820F010DF48CF534820F010DF48CF429F6CCC910000F7D9FFDB
:209320000064910000C7D9CC006409C840098B1880808B09A09089F840090D00400200804E
:209340006DFF44FFDF0225006DFF27FF910000F7D9FFBC7414FF6E1082146DFFC3B9822481
:209360006DFFC0B982346DFFBDB982446DFFBAB982546DFFB7B9910000F7D9FF808414FFA2
:209380006E01910000F7D9FF848414FF6E010090F445DA006C410C4896012C480C489602D9
:2093A0002C480C48B70F01F12C480C48B70F81F12C480C48B70F01F22C480C4896202C48BA
:2093C0000940C808DA0837F006F3AC440C49B70F01F22C49DA00894F0E09DA00894F120969
:2093E000DA00894F0A090C49B70F81F22C490C49B70F01F32C49094F5808B70F01F0894FDA
:209400001808094F5808B70F81F0894F1808094F5808B70F01F1894F1808094F5808B70F5F
:2094200081F1894F18080090DA00344FDA00AC41DA00AC42DA00AC43DA002C48DA00AC4564
:20944000A00FEC43DA006C4400908F841EF08F0F0801B70408FC3704E81BB71F812BDA7F74
:209460007FF1048082020090DA967F1F048082023C068B6109F1325F0FF200203702482053
:2094800076043252370248200090B70408FC3704E80BB71F811BDA7F3FF00580DA967F0F33
:2094A0000480820200908B6009F1325F0FF10010370168200090B70408FC3704E80BB71F7B
:2094C000811BDA7F3FF00580DA967F0F0480820200908B6009F1325F0FF1001037017020FF
:2094E000009091100048D94490AE1D0002008208404F8209820A820BC81CC82D483C09FF57
:209500001001DF1F238080CF160180D08F100001FE046E04C2FC04DF24CF76CF8F3C00012A
:209520008FEC1FF06E0902F140D2C2F16014442164C1FC4E90DD020CDF0CE07FC2FC60C285
:2095400004DF24CFFC2E3CD9DE2580CF2E03C2FC24C9DF0CD37F8F3C00F106EC76C5C2FCE4
:2095600060C264CAFC2F6EC9C2FF60F224CBFC2F3CC48F0F1F00DF002E008F3F0001DF1084
:209580002B8080CF8F3F00D180DF1603FEDB76DB02D440C440D56D00EF0601CD00C601DDCD
:2095A00000D6A2DC76CF8F3C00018FEC1FF06E0902F140D2C2F16014442164C1FC4E90DDD8
:2095C000020CDF0C9B7F02C440C440D56D00D4063C9400901603DF2F91FF80CF16036E075E
:2095E00002F440C46D00B10610CCA2FCDF0C867F8F3C004106EC76C5C2FC60C264C8FC2F73
:20960000DF047C7F40C46D00A0061DFF77FF0090205089A4380989A62C0989A73409DA01A9
:20962000A00F820909AA1019780C89A9081989A9280902A089A90019B70089FBF80678112B
:209640003700E8FB78080258404C029D405D8BFF0FC27B00F8B376C658116E04029C09AD62
:2096600030095808BA0F7813F68A3B700600580B3E043B7004007E0382183C23580D6F5FCB
:2096800021803B100600580B3E043B100400FE095811EE0382083C1582788F3F000082015D
:2096A0003C06C2F88FC31F107723000E0B011028FBF0000026202631BA008B0100F4EEF29F
:2096C000DA00780F02A46D0014087625DA2D780F67AABFAFEE0E580D8F8F0101DA087E036E
:2096E000DA2B3C068B000102580FAB0FA2F0780F09A00019AA1089A00019DF0D1600580B38
:20970000911000F8D9FF389E10FF081F2E37910000F8D9FF2400F8063C1B910000F8D9FF2C
:209720003C00F8063C15DF0C1D00580B911000F8D9FF389E10FF081F2E36910000F8D9FFF1
:2097400008303C05910000F8D9FF0C30F8065810BB90FF0F9239580D260F780D1D008C01A0
:209760003B100600580B3E053B1004005F0F27805808AB1F18FF780858109230F683580DC5
:209780002E22C210428058083BC0F91FC2207FF106003B4006103F1F0400DA033C0A3B6069
:2097A000FF1F7FF106003BA000103F1F0400DA02780C580C12091D005F01580849AF0A0A00
:2097C0006E7549A4140A02A46D00320A09AC1409022A370CE8FB82006E55BBF028EC49AE2D
:2097E000130A7B0012D49B5ECFE33C3F49A20A0A7D2E0C8049AF120A49AE130AA07209F05C
:209800003FF489E03FF4FC2CBBD0CC0C58059BC0DC0349A4140A4B0F41406D00090A89A2C6
:209820000609DF0914806B0E21F24BDB41B04BDF41406DFF0CFE762A4BBC514049A4140A96
:2098400082196D00F50989A2060909AF06096B0E21FF4BDF41406DFFFAFD8B0203F089EF62
:209860003FF4580AC21F780A5805370FE8FBEEBF3C0304EF24FF49A2130A012E20F4EEFA35
:209880003C154B0A01F06F2F12007B0012043C064B0A41A0580AC2FF780A4B0A41F089AF15
:2098A00006094BBF01F06F0FF5FF3B600610580B028082093E143B6004107E13580A128085
:2098C0003B500610580B3E143B5004107E12C210CE03DA003C038B7000F310A2492E0A0A1C
:2098E0003C117B0012F449A4060A4BFA41406D009F09022A09A406096DFFA9FD8B0203F048
:2099000024FF01FE20F4EE0649A2130A012F20F4EEE909EF000840EFC25F3C0A49AF0A0A58
:2099200001EF30F4EE0740EF09EF3FF4C21F34EF3C08DA3134EF49EF010A580AC21F780A46
:2099400009E00008DA393F0FEB7F89F93FF049A20A0A012F20F4EE0609F00008DA305F0FEA
:20996000F67F3B500600580BBE013B5004003E0E3B6006005F0F3C003B6004005F0F380054
:20998000580A3FF80400FFDF330058103B50062049AF0A0A9210580B09A10A083E243B5046
:2099A00004207E2C761349AF0B0A14FFEE04580DAE227682C21042803C17028276158BF898
:2099C0001F2049AF0B0A14FFEE03580D2E22C21082013C0814FFEE03580D2E23C210B01F8E
:2099E000C2113F21F97F8B4000903C453B600600580B3E043B6004007E0F09A02809FA108A
:209A0000AB10A09F581042F9F684580D6F2F34001A8992193C300280580A49AF0A0A4EF40C
:209A2000581092193C0D09A1280958101219021F14F17612B01FABF01F00C2FFEEFA14FF69
:209A40006E02F604580D6F2F1700580AC219325F3C04C2FFC219C2F07607FF1FFC7F3C04D0
:209A6000C219B01FC2F0760314FFEEFB580D16042B09009F580F6E0D580D16036E0A61FF8B
:209A8000DAB409A43C0940C46D004404DA00780FD806BD0F1A803B100600580B3E043B10A7
:209AA0000400FE02580D16036E0F54DFC22F61FFAFB46D002F04580B40C48B7F01406D0001
:209AC0002904DA017812580D6F0F1680580EA29F3C0F61FFB0B4580D40C416028B0F20F298
:209AE000864F8B0F02406D001504580EC2FF780EFF1FF17F580F6E0861FF9DB409A43C0974
:209B000040C46D000704D806BCFA40F440C56D00100454DFC23F74DF1D008A013B100600FB
:209B2000580B3E053B1004005F0F9F808F28200058138B7001018B1F03A1BF1022008201A2
:209B4000DA177FF00800821258110F021020262F6E02821182F2C2F00F0200F0C6F2F6141E
:209B60005811262F6E045811A62F78115811C21F7811EF7F0600DA0078113B2003A05812DC
:209B8000EE0D54DFC22F61FF43B46D00C303580B40C48B7F01406D00BD0361FF4CB402A437
:209BA00040C46D00B703F683580D2E2561FF3DB46D00B00358113B8001B054D08F1F00A091
:209BC000428074D03C183B000340DF0B1100C2CB02B032500F0A00F0160F8B0F0340DA39D3
:209BE0007F4F0600580B8B6F1CF042F440C46D009103C2F8FF18E97F580B40C48BFF004083
:209C00006D0088035808CEF63BD00240325F78083C033BB0024040C46D007C03580C54D0E6
:209C2000C22F42F0580C820110AF34F13BA00010580CC2FF370F68F0780C10AF58084B1F7B
:209C400001228B0303F034FF09A220094B12012289A26009DF02EEFF74D040A440C56D00DD
:209C600068031D00E5003B50060049AF0A0ABE013B5004003E0E3B6006005F0F78003B601E
:209C800004005F0F7400580A3FF80400FFDF6F0009A00A08580AAB1F20A076093B7006100D
:209CA000580B3E143B7004107E12C2F861FFC3B376063700684049AF0B0A3C033B000340EB
:209CC00040C46D00270314FFEE0B580DAE29768C3B500600580B3E043B5004007E0561FFF7
:209CE000A4B36D001703820B3C1A09F00008F60A580DAE283B500610580B3E143B50041072
:209D00007E1D61FF98B3760537006840B01F3C033B00034040C46D00FD02C21B3F8BE77F9A
:209D200061FF89B3580B40C48FDF0F416D00F202C2FA54DFC21F0EA43BB002403C04325A86
:209D40003BD0024074DF40C46D00E40261FF65B38B00034040C46D00DD0261FF5EB38B0179
:209D6000034040C46D00D6023C6209AA28094EA854DFC21F61FF4CB36D00CC023C1954D0B8
:209D8000C21074D014F47643B01F3C033B00034040C46D00BF023B600600580B3E063B604B
:209DA00004003E03ABF81F88C2FAFF1AEA7F3B600600580B3E063B6004003E0314FF6E022B
:209DC000F684580D6F2F340061FF35B3580A3BE00240325F3C0854D03B000340C21074D03E
:209DE000C2FFC2F840C46D009502768BFF1FF57F3C0861FF20B304F440C46D008B02C2F826
:209E0000768314FFEEF73B600600580B3E0E3B6004003E0B580D2E2B3C0854DFC21F61FFA3
:209E2000F7B26D007702C2F8DF08F9FF580EA29F3C0A54D03B00024040C4C21074D06D00E5
:209E40006902C2FFFF1FF77F00902010404C405D89A68C09DA00780209D40008DF04500227
:209E6000DA257E4409D001047E08B01D49A5080A40C46D0048023CF1820A0BAA108809DF47
:209E800001003BD002007E048F1A40A13CF93BB002007E07BBF0FE0F26A08F8040A13CF067
:209EA0003B0002007E066F3AECFF8F0A41A13CE83B0003007E048F2A40A13CE23B300200C9
:209EC0007E048F4A40A13CDC3BA00200FE03D803B04FF80309F83CF9CE848F1A40A13258DF
:209EE00009DF01003C0D13A820FF8B0F1D8009DF01008B0F1D0037006800BFA0F6FF3BE071
:209F000002005F0F23808F0A42A109DF01003BA00200FE05D803B04FF80309F93CF9CE9679
:209F20008F1A40F1BBF0FDAF26FA09DF01003C0D13A920FF8B0F1D9009DF01008B0F1D00DC
:209F400037006800BFA0F6FF3BC006007E048F0A48A13C1E3B8006007E048F0A44A13C189A
:209F60003BC004007E048F0A50A13C123BA006007E04B71A81A43C0C3BA007007E04B71AB2
:209F800001A53C063B400700FE01B71A81A53BC006003E043B8006007E0709D000087E0475
:209FA000B71A01A6B01D09DF01003B3006005F0F2F808F1A00F1EE0E3C093B00024049A59F
:209FC000080A40C46D009F01C2F87F890400FF28F67FD80340C449A5080AB04FF80309F02A
:209FE0003CF9370048406D008E01DF0F377F3C093B00024049A5080A40C46D008401C2F85B
:20A000007F892C7FFF28F67F1DFF28FF3B400600BE013B9006003E0E3BF006003E0B3B801C
:20A0200007003E083B8005003E053B5007005F0F598082023B4006003E043B9006007E025F
:20A0400082123B0008010F0A80105F0104006F9A05003B8000003C0282403B8000105F1018
:20A060000980D80349FF080AF80309F078F93C15D803B04FF80309F03CF90B0000080B014A
:20A0800010483B0004010F0A80105F010D807628370448000B0000080B0110483C13370470
:20A0A00068403C0F3B0004005F010B807626370450000B0000483C06370470403C02F62286
:20A0C00082056F5A0600BBD0FF0F260A3C0282190BFA106889A440090B8910481D00CB00C1
:20A0E0003B300700FE066F5A0680BBF0FF9F9BF9FF97D8030BA8104840C5029649A6080AA4
:20A10000B04FF80309F4BCF96D00AB021DFFA6FE3B600600BE063B600400BE033B50060063
:20A12000BE003B5004003E0D3B7006003E0A3B7004003E073B1006003E043B1004007E0D2D
:20A14000D8038F0A0211AB698091B04FF80302F609F03CF974A03C2C3B200700FE086F6A76
:20A160000800D803B04FF80309F03CFA3C06D803B04FF80309F03CF98F0A02F1EA69DA00D5
:20A180004BF051F174AF3B6006603C123B200500FE09D8038F0A02F1EA6949FF080AF8035A
:20A1A00009F478F96DFF4EAF3B60066074A20B89104849A5080A02A740C46DFF2BFA1DFF6B
:20A1C0004DFE3B0007005F0F5D806F8A45006F0A0E80DA113C093B00024049A5080A40C4B1
:20A1E0006D009100C2F83F8FF8FFD803A03E49FF080A09FF3FF449A5080A370F684040C4A2
:20A200006D000001FCE73BA0034049A5080A40C46D007900D803A03E49FF040A09FF3FF49B
:20A2200049A5080A370F684040C46D00EB00FCE7DA113C093B00024049A5080A40C46D00D3
:20A240006200C2F83F8FF8FFD80349FF080AF8031DFF04FED8033B8000400245B04FF803B8
:20A260008F2A407109F03CF9820189A040093B80076049A5080A40C46D00DF001DFFEEFDD8
:20A280003BE006005F0F37803B0008010F0A80F03E036F9A0E00D803B04FF80309FFBCF9C1
:20A2A00009A00809820189F040091DFFD7FD3B000401260ADA407EAAD803B04FF80309FF20
:20A2C000BCF95802B4FF1DFFC9FD5F0A0B80D803B04FF80309FFBCF9580234FF1DFFBEFDF0
:20A2E000D803B04FF80309FFBCF9580274FF1DFFB5FD910000F7DA1959FF88A409A2080976
:20A30000009037046840545FC21F745F1D000200D44FBCF440F41D004922CC414C4280F0AA
:20A320007FF0068034F4CC41B01FEC410090404F405C3C06370F684040C46DFFEBFF09FFAA
:20A340000100EEF900903BF00F00804F1603063F0FF0100082FFC6F0C2F4604F804FB70FDE
:20A3600002F060F2B014542F260F742F77000004FCF60090804F16033BF00F008F3F00107D
:20A380000F10100082F1C610C2F4604F8041B7010220095101008F3F0030B0140F311010C8
:20A3A0006022C21F542216032602A612742277000004FDF0ED7F0090404F0B4510A849FDF4
:20A3C000160A026840FCDA0034DF820702860BAB10486DFF17AF23820A0A0B2310A88BA0AF
:20A3E00060F2CA708B0003F089DF3FF48B0220F28B0300F5EEEB04DF24FFEEFE40C2009039
:20A400000248404F8FC83F40405CDA090B4F2001DA37AB0F83F042F46DFF75FF8FF80001B7
:20A4200040F4DA0940C50B0F2011DA37AB0F834142041DFF68FF026E2020DA58404F0B459C
:20A4400010A8405C027909AC600982085FEF7300DA643EEDDA693EEBDA6F5FEF6C00DA759D
:20A46000BEE4DA785FEF67001D00ED00D2000B0C50F10B1D00F20BD190F2EE073BD0028005
:20A480000BC0C0C00BD1D0D00BCD104840A43BA000606DFF93FFF6B6BA0C8B0D00F4DF0FBC
:20A4A000DF8040A46D008105370268C0DF081180DA753EE88F890101DA087E043BB002802D
:20A4C0003C078F8901F18B0F01F2AB08A28F768CABFA1FAA8F3900F16E0740F4028440C561
:20A4E0006DFF11FF82086F0914808F2900F18B0F20F2864F8B0F02F03C0740F402F440C522
:20A500006DFF01FFC2FA7FAB04003FACF87F768E40F4028440C56DFFF6FE3C08C2FB61FFFF
:20A5200072AF6DFFF0FEABFA1FAA3FBCF97F1D008A008BFE268240A48F3820F08B8F0060B2
:20A540000BCD10486DFF3AFFDA78FEE314AF40A26E10092000088BF01BF0370F6810DA1968
:20A560003F1F05808B0002F0342F092F0104EEF240A46D001A05370268F078068B0C20F2D3
:20A580008B0D00F5EE0AF6B6DF086A806F296800821BBBB0FFFF26F96F291B006F19130046
:20A5A000768E61FF30AF6DFFAEFEABFA1FAA40F402E440C56DFFA7FEABFA1FAABBB0FFFFCB
:20A5C00026F9DA6F7EE558063FBF0300921B6F29090076875806C22BC22F370F68F07806AE
:20A5E0006F0915808F2900F18B0F20F2864F8B0F02C03C0740F402C440C56DFF84FEC2FADC
:20A600007FAB050058063FAFF77F6F291900DF08170061FFF8AE6DFF76FEABFA1FAA40F412
:20A6200002E440C56DFF6FFEABFA1FAA3C08C2FB61FFE9AE6DFF67FEABFA1FAA58063FBF55
:20A64000F87FBBF0F74F40A4BBF0FF6F40F5269440C602A59BF6FF671D0003000090024808
:20A66000404F025F405C0269406D6D009E04022A6F0819803C083B00024040C440D56DFFA5
:20A6800042FEC2FF3FFAF97F3FF9F77F3C0BC2F909F40100DF04110040C440D56DFF33FEB0
:20A6A0008AFFDF09F6FF3C083B00024040C4C2FF40D56DFF28FEEEF90090910000F7D9FF30
:20A6C0001464D4F291300057D955C08701240046015420F4EE0891400057D955C088014501
:20A6E00030F4EE0482FF60F20090F4F400908F141E200090910000F7D9FF106414FF3B00D6
:20A7000002007E038212009091000027D922888490228202F424C21F34FF0090BD043100EF
:20A72000B0C4404C54CF910000D7B70F0180D9DDA0A4D4DF74C801C800E654EF6E04AE0349
:20A7400042F83CF954F001F000267DC20580420874F840FCEE1082046DFFB1FFB04E7DE27C
:20A760000A80325802846DFFAAFF802F1EF3DA0074CFD4DF80CF80F00B0F90F174DF00905D
:20A78000BB000008910000F7D9FFA4A480FF8F7F0011761BC27FB70F03F0910000F7D9FFC5
:20A7A000A4A480F15211A21060FF91100027D922A4AC742F91100027D922A4AC8201892176
:20A7C0000409420F91100028D9223CDE5420A20FB70F030091000027D922209474206002F2
:20A7E000DA006C216002A004F42480FF5AF06CF174F091000027D9222894481F742F910040
:20A800000027D9222494481F742F0090404F91100057D955A4AC3C02D455545F80F03F0FE7
:20A82000FDFF4C5110527DF208804C514810420F6C51405F3C01481F10F2D4547D421B805C
:20A84000D45291000047D9442094D4447D420C00481FD45209200409420F6CF1D452D422B9
:20A86000F4F23C0791000027D9222094D422F4F23C03D452F4F27DF50400F45F3C0100908B
:20A880000248A00C6D001F05910000F7D9FF209454FFEE046DFF76FF3C01BF1815809110AD
:20A8A00000F8D9FF3CDE54F08B8000008F7800F1A2F08BF01F110B8130F1EE0342083C0204
:20A8C00082083C01EFF87680BF187380910000F7D9FF249454FF3F8F6C8091100027D92222
:20A8E000A4AC911000F7D9FFA4ACD4FF3C0340F2D4FF481F7F8F048054FFEEFA9100004725
:20A90000D9442094D4447D4F5300D42491100058D9553CDE545F104CD4F4F424481FA28F6F
:20A9200091100028D9223CDE542006107FF00B8001F80046481FA28F6C4168186DFF68FFDE
:20A940003C0191000027D922249491000047D94424945440481FA2F0742091000027D922CE
:20A960002494542F91000027D922289454207F0F0D8091000027D922289491000047D9443A
:20A980002494544F742F3C01481FB71F81FF6CF1A002F4F2910000F7D9FF2C949100002702
:20A9A000D9222C94542FC21F74FF3C013C013C016D00430640C23C010090BD043300804F06
:20A9C000911000F8D9FF3CDE54F0A20F60FF481FEFFF280054FFEE24481FB70F81FF6CF1AC
:20A9E0006D00710491000027D922249491000047D94424945440481F42F0742040F46DFFFC
:20AA000007FF910000F7D9FF309491000027D9223094542FC21F74FF6D000F063C013C01C2
:20AA20000090A0041D00080091100048D944A28A1DFF62FE404591100047D944ACAC1D0010
:20AA40001B00910000F7D9FF349454FFEE05DA0174FF1D00030000906DFFE8FF911000F883
:20AA6000D9FF7C4D54FF6E06C4F22D02000054FFEEFC00902008404CF4A53C16D4A2D4DFF4
:20AA8000BC26C8347D24040040FD3C0FD4F2F4D2D4CEC822C8142D02000040F46DFF40FEAA
:20AAA000D4CF7DEF030040CD54DFEEE90090494F080AEC4182FF6C42494F080AEC43494F66
:20AAC000080AEC44DA00744F0090A00FEC440090C234B70402F06E659249DF09630091006B
:20AAE00000F7D9FFA0A454FFEE1582046DFFE7FD802F325F160392446DFFE1FD8020DFF02F
:20AB000051001022F4F291000047B5429CA482007420D4FC820A3C0310CCB0FC54CF6E03F0
:20AB20006F0FFCFFF4FC3C1DB70801F010CF6F08188054FFEE1182046DFFC1FD49F4040A68
:20AB40007D420F80325802846DFFB9FD802F1EF874CA82083C0CAE0442F874C840CF40FC2D
:20AB600054C876856F08E2FF3F98E0FFDF082680BF19180002946DFFA2FD802F9EF249CF3B
:20AB8000040A01F220F4EE0D012F30F4EE12802F325F1603102F92446DFF91FD802F5EF3E9
:20ABA000A002009001CF2020802F960174CF40FC01C900F674FA3C0A9A493FF8078001C9AF
:20ABC00000F6A29874F83C0202898F1940F174CF49C2040A0090404FBF852380804F2E05D3
:20ABE000C2F53444494F010A80FF2E1424F4C2E524F48F7500F106D5DF051200D200764A93
:20AC0000370468008F802010A6108F002110A6100201C2F5605289F04801FC2E02F576550C
:20AC2000C2F5605224F4FC2F40420090024F370FE81B8F1F1E00DAFF7E17024F7444B70FB3
:20AC400089FB6E123C0B8FF00150DA7F7FF10900DA00B70F81FFA65F744F02420090DA96DB
:20AC60003FF10A007444DA00B70F81FF8FF00120A6F20090B704890B8F71012082F38B6129
:20AC800009110F1300302630B700890BA652A60274426B0231F4B70F812FA6520090200899
:20ACA000404DF4A5406C8208A00F0D0040030D0080044D80E39F370964F88FCF01F0379F98
:20ACC00010F360FE3C01BCEB54E854EF370F64088FC0010037F010F360FF3C01BCE8BCF791
:20ACE00054FFCD8FE30F0D00C0043C030D0000020D00000382043B00045040F46DFF6DFF63
:20AD000080DF6CF23BF08FF06CF17B0002F074FF82043B00045040E46DFF5FFF80CF6CE8E9
:20AD2000D4AF80FF6CE1B73802FA74EF40D2B0C2DA00742FB0C274293C010090DA1F0D0093
:20AD400040034DC0E20FB700080016FFA6F0CDC0E20F0D00C0040D000003910000F7D9FF89
:20AD6000389491000027D9223894542FC21F74FF910000F7D9FF389454FF5E134D40E0FF55
:20AD80000090910000F7D9FF389491000027D9223894542FC2FF74FF910000F7D9FF389495
:20ADA00054FFEE10DA000D0040034DC0E20FB700080016FFA6F0CDC0E20F0D00C0040D0054
:20ADC000000300900D0000020D004003DA000D0080044D00E00F6E19370064188FC101103F
:20ADE00037011003600F3C0182003C0B54F1370164288FC2012037121013601F3C01C2101E
:20AE000092F13F10F57F54F0370064F88FCF01F0370F10F360FF3C0154FF370F64188FC17C
:20AE2000011037F110F360FF3C0191000027D9223C94D422482F742FD42FB0CFF42FD42FFF
:20AE400091000047D9443894544F74FFD42FB0CFF42FD42F74F06D004402DA000D008004F1
:20AE6000910000F7D9FF3C94D4FCD4CF54FAD4CFB04FF4CF910000F7D9FF3894D4CD54D883
:20AE800074F8D4CFB04FF4CFEE06CD0AE00F0D00C0043C1B4D00E08F370864988FC901901F
:20AEA00037891083608F3C0182083C0B54F9370964B88FCB01B0379B1093609F3C01C21803
:20AEC00092F93F98F57F74FA0D0000030D00400200800D000002911000F8D9FF00EED4F21B
:20AEE000911000F8D9FF00EED4FF48CF3B50C3000650420F6C2C911000F8D9FF00EED4FF4A
:20AF000091100028D92200EED422092F0019960189FF0019DA1F0D0040034DC0E28FB7087A
:20AF2000080016FFA6F0CDC0E20F0D00C0040D0000033C016D006B020D004003CDC8E20F12
:20AF40000D00C0040D0000038208914000FF19FF9068370F61FC1E1376228218914000FFD0
:20AF600019FF90688FA80180A68F914000FF59FF90680D0080040D00C0040D004002008083
:20AF800020104045910000F7D9FF186449F2140AF4A249A6100A40A46DFF59F709FFE40894
:20AFA0001640AAF20090404F044FEEFF01F420F080F2C2F2009015D0C0E315D0C0F74D40D4
:20AFC000E0FFB72F02F5CD4FE00F0D00C0044D4020F99601CD4F20090D00C0044D4020F9E0
:20AFE0009602CD4F20090D00C004910000F8C5023F1040F4A0158940C103FC5E49FF200AC2
:20B00000FC294D4020F96F0FFEFF4D4020F96F1FFAFF85DFC4F3CD4FE00F0D00C00415D0E1
:20B02000C0FF15D0C0EB0D0080040D00C004000000001D0003000090000000A00090404CF3
:20B040006DFF7EFE91000027D92200A491000047D94400A4544FC21F742F91000027D9223E
:20B060003C94542FEE10910000F7D9FF3C94F4FC910000F7D9FF00A454FF5E146D00C50064
:20B080003C013C18910000F7D9FF1CA454FFEE12910000F7D9FF3C94D4FF48BF09C02C09A4
:20B0A0003FF00880910000F7D9FF3C94F4FC3C013C01910000F7D9FF08A491000027D92280
:20B0C00008A4542FC21F74FF910000F7D9FF0CA491000027D9220CA4542082114CCB0FF15C
:20B0E0000010A61074F04CCB534F21F0911000F7D9FF98DC10FFC81FECC2C82289C28C090A
:20B10000C82240C4B0448924840940C2B042E8224CCB534F21F0911000F7D9FF98DC10FF58
:20B12000ECC54CCB534F21F0911000F7D9FF98DC10FF4CCB534F21F091100027D92298DCA0
:20B140001022542FC21F74FF6DFF1DFE910000F7D9FF1CA454FF6E0F910000F7D9FF3C943F
:20B16000D4FF48BF09C02C097F0F0580AD0080003C013C0100902008F4A4406C0258407D2A
:20B18000D802C2F4534420F0C8C210228020B7000300600E89FE8419BD051800DA003C0DD3
:20B1A00010F210540940000889203408105209200008F6023C06C21F3B0001003F0FF2FFCA
:20B1C000DA0089FF03183C01BFA805803B9000803C0168B889F8081940F4B0446DFF77FC78
:20B1E00049F4180A6DFF73FCECF48BA800F16CF6ECF940E4D4A540C66DFF53FDF4F2BCD3F6
:20B20000F4DF3C01009082083C0B534821F0911000F7D9FF98DC10F46DFF4BFCC218BFA835
:20B22000F6FF91100047D944E00C6DFF42FC91100047D944F40C6DFF3CFC91100047D944D0
:20B24000C81C6DFF36FC91100047D944F01C6DFF30FC91100047D944DC1C6DFF2AFC911093
:20B2600000F7D9FF90DC91100027D922E00CF4F2911000F7D9FF94DC91100027D922F40C5B
:20B28000F4F20090911000F7D9FF90DCD4FF54FFEE03DA013C02DA006E08910000F7D9FF7C
:20B2A00010A482FF74FF3C0D91000027D92210A4911000F7D9FF90DCD4FFC83F54FF742F8A
:20B2C0000090910000F7D9FF04A491000027D92204A4542FC21F74FF0D00800400909100F2
:20B2E00000F7D9FF04A454FF6E08910000F7D9FF24A4DA0174FF3C4F910000F7D9FF24A4E5
:20B30000DA0074FF910000F7D9FF3C94D4FF54F0910000F7D9FF3C94D4FF48CF3F0F1080A1
:20B32000910000F7D9FF3C94D4F4910000F7D9FF3C94D4FF49F5340A6D00421A910000F745
:20B34000D9FF0CA454FF0F0FB0F18BFF0101534021F0911000F7D9FF98DC10FF54FF53404A
:20B3600021F0911000F7D9FF98DC10FFC81209228409E812C81249F4080A7D420680C812F5
:20B3800009228409E81291000027D9223C94C81FC83FF42F0090201089A48C0989A5880926
:20B3A0000248406C0259407D534820406DFF6AFA402FBD0F14003BC006406DFF63FA402EED
:20B3C000BCE982043BC0065040E46DFF06FCECEC3C0440F46DFFF3FA3C02A00EBD0E1400EF
:20B3E000F4AEDA00780109A48C0909A58809028440C6029540D76DFFC0FE40E46DFF21FEC4
:20B4000082123C0282F23C0100908208910000F7D9FF04A454FFDF0F0281910000F7D9FF63
:20B4200020A454FF9219910000F7D9FF20A474F9DF092C80911000F7D9FF90DCD4FF54FF23
:20B44000EE023C01911000F7D9FF90DCD4FF91100027D92290DC91100047D94494DCD44454
:20B46000F42491100027D92294DCF42F910000F7D9FF14A491000027D92214A45420C21095
:20B4800074F06DFF01FF3C01910000F7D9FF10A454F03F09A9801D00A500911000F7D9FFA4
:20B4A00090DCD4FF54FFEE03DA013C02DA006E09910000F7D9FF10A482FF74FF1D009400E6
:20B4C000911000F7D9FF90DCD4FFC83FC83F481F7FF90980910000F7D9FF10A474FF1D00A3
:20B4E0008300C852C824C83589458809C834C825894584090924840940F5B0457D540580E9
:20B50000C83489248409A004E854542FC2FF742F48AF6E19C8A2C874C88589458809C88412
:20B52000C875894584090924840949F5180A7D540580C88489248409A004E8A4542FC2FF09
:20B54000742F3C0191000027D9220CA491000047D9440CA45440821148BF0FF10010A6100F
:20B56000742048BF534F21F091100027D92298DC102209228409E82209248809E83409244B
:20B58000880940F5B0458945840940F4B0448924880948BF534F21F091100027D92298DC3E
:20B5A0001022E85248BF534F21F091100027D92298DC102248BF534F21F091100047D9443D
:20B5C00098DC1044544FC21F742F48B0910000F7D9FF3C94D4FF48BF7F0F048082183C0191
:20B5E0001DFF5DFF910000F7D9FF3C94D4FF48BF534F21F0911000F7D9FF98DC10FF54FFD0
:20B60000BF2F048082183C01910000F7D9FF24A454FF6E0382183C013C0C910000F7D9FF76
:20B6200018A491000027D92218A4542FC21F74FF02823C010090A00F820891000027D922CB
:20B6400004A4542F6DFF7CFB91000027D92204A491000047D94404A4544FC2FF742F91004C
:20B660000027D92204A4542FDF0FC78091000027D92200A4542FBF1FBF801D008C00911007
:20B6800000F7D9FFC81CC83FC83FC8A2C874C88589458809C884C8758945840909248409F9
:20B6A00049F5180A7D540580C88489248409A004E8A4542FC2FF742F0D008004C852C824A0
:20B6C000C83589458809C834C825894584090924840940F5B0457D540580C834892484095A
:20B6E000A004E854542FC2FF742F91000027D9220CA491000047D9440CA45440821148BF4D
:20B700000FF10010A610742048BF534F21F091100027D92298DC102209228409E8220924BD
:20B720008809E8340924880940F5B0458945840940F4B0448924880948BF534F21F0911058
:20B740000027D92298DC1022E85248BF534F21F091100027D92298DC102248BF534F21F00A
:20B7600091100047D94498DC1044544FC21F742F48BF91000027D9223C94D42209202C09F7
:20B780003F0F098091000027D92224A4DA01742F3C0191100027D922C81C542FEE03DA01A6
:20B7A0003C02DA00DF0F6D7FBCF36DFF6DFD910000F7D9FF18A454FF6E146DFF28FE7628F1
:20B7C000910000F7D9FF24A4821074F03C01C2FFEEF5910000F7D9FF18A4DA0074FF3C01C4
:20B7E000910000F7D9FF24A454FF6E058218AD0080003C013C016DFFC6FA02823C0100909D
:20B800002010820982083BA000406D00DD008270B4A0DA0CACA2DA1EACA482048215BB00E4
:20B8200068699B86096082076D0000016D007D00762382193C423BB006403B0008506D00E9
:20B84000900082246D00C0003BB006406D0039000280C21837087080DAFF7F0F048082199D
:20B860003C04DA415F2FF2FFDF1903803C263BB0064082156D0075003BC0064082056D0032
:20B8800070003BA0014082156D006B003B90014082756D0066003BB001403B8001506D0032
:20B8A00060003BC001403B0001506D005A003BD0014082356D00550002923C010090DA0099
:20B8C0006E0B914000FFD9FF400BDA0D82100FF0100068103C0B914000FFD9FF400BDA0DDB
:20B8E0007B1000000FF010006810DA008F04485102F46D007D05DA016E0B914000FFD9FF4F
:20B90000400BDA0D82100FF0100068103C0B914000FFD9FF400BDA0D7B1000000FF0100021
:20B9200068103C0100908208820A82093C130290C21937097090DAFF7F0F0480821A3C0D55
:20B940003B5007406DFFBDFF02283BA000406D003B00DA125F8FEDFF02A23C010090024186
:20B960000256DA006E0B914000FFD9FF400BDA0D82100FF0100068103C0B914000FFD9FF3A
:20B98000400BDA0D7B1000000FF010006810820402156D006E05DA016E0B914000FFD9FFEA
:20B9A000400BDA0D82100FF0100068103C0B914000FFD9FF400BDA0D7B1000000FF0100081
:20B9C000681000900248C5FF0001BCF182046DFF74DA913000FF39FF3006160F4B0F41F184
:20B9E0004BF251F03C013C014B0F31F13B803E004B0F0102531020F03C010BF00048820701
:20BA000002866DFF13A30B2310486DFFF9A50090094F4218370FE3013C04094F10293C0172
:20BA2000020FC2F0EEFB009049AA10BA0B4510A8026C027809A9B04809AFB44809ADB84809
:20BA4000911000F7D9FFC82CB4FD370A48406DFF1CCE402CB4AD49A4203A49A5383A0BA88B
:20BA600010480B9F10686D00410149A4040A40C56DFF5CD2820089A00408BB00C2FB9BEF4A
:20BA8000C3F47805DA002CAC49AF203AF80949A4300A49A5040A6DFF1DD049A4004A49A5CC
:20BAA000300A6DFFFBCF4B0C61F17841DA003EB9DA01BEB3DA02BEBEDA035FBF27003C31B0
:20BAC00009AF4848B70F81F189AF084809AF4848961089AF08483C2509AF4848B70F81F107
:20BAE00089AF084809AF4848B70F01F289AF08483C1809AF4848960889AF084809AF48482B
:20BB0000961089AF08483C0D09AF4848960889AF084809AF4848B70F01F289AF08483C017A
:20BB200009AF4848962089AF084809A0C848DA0837F006F389AF884809AF4948B70F01F2BA
:20BB400089AF094809A2F83989A2E44949A43C1A49A5004A6DFFA4CE3BB01AF05FDF2980F3
:20BB600082048205820640C46DFFD8CD911000F7D9FFC82C3BB01AF0B4FFDA003EAADA0172
:20BB80003EABDA023EACDA033EADDA043EAE3C103B2001D03C0D3B8007D03C0A3BE00DD0D3
:20BBA0003C073B4014D03C043BA01AD03C01DA0509C0560837F003F289CF1608911000F771
:20BBC000D9FFC42C4CC674FF911000F7D9FFC42C91100027D922C42C092FC208B77F85F355
:20BBE000ACF1911000F7D9FFC42C91100027D922C42C142FB71F03F234FF911000F7D9FFE4
:20BC0000C42C91100027D922C42C142FB71F83F034FF911000F7D9FFC42C91100027D9229F
:20BC2000C42C0C21B71F03F12CF1911000F7D9FFC42C91100027D922C42C092FC008B71F17
:20BC400083F3B4FF911000F7D9FFC42C91100027D922C42C0C2296202CF2911000F7D9FF36
:20BC6000C42C91100027D922C42C0C22B70F81F12CF2911000F7D9FFC42C91100027D9227A
:20BC8000C42C0C22B70F01F32CF2911000F7D9FFC42C91100027D922C42C0C22B71F03F0A4
:20BCA0002CF2911000F7D9FFC42C91100027D922C42C0C21B71F83F22CF1911000F7D9FF4E
:20BCC000C42C91100027D922C42C09204308DA664BFD0122DA064BF301229AD2370F68F057
:20BCE00037F004F22CF3009094AF3B800000894014083B00080089400C083B000800894069
:20BD000004088200894015088200895005083B0008008950040882005F40100082105F40BD
:20BD20009A0082205F40410182305F40120282405F40B9021D005B03F657911000F8D9FF2C
:20BD4000B4BDF44F3C08DF150780911000F8D9FF84CDF44FDF660880911000F8D9FF94BDDC
:20BD6000EC423C08DF760780911000F8D9FFA4BDEC423BC000005F070780911000F8D9FF1C
:20BD800084BDEC443B2001003E043BB01A007E07911000F8D9FF94CDF45F3C5A3B80010093
:20BDA0007E07911000F8D9FFBCCDF45F3C513BE001007E07911000F8D9FF90DDF45F3C48CE
:20BDC0003B4002007E07911000F8D9FFA4DDF45F3C3F3BA002007E07911000F8D9FFB8DD39
:20BDE000F45F3C363B0003007E07911000F8D9FF8CEDF45F3C2D3B6003007E07911000F859
:20BE0000D9FFA0EDF45F3C243BC003007E07911000F8D9FFB4EDF45F3C1B3B2004007E07E7
:20BE2000911000F8D9FF88FDF45F3C123B8004007E07911000F8D9FF9CFDF45F3C093B004A
:20BE400006007E06911000F8D9FFA8CDF45F1D00CE023B6006005F050880911000F8D9FF34
:20BE6000C01DF44F3C0A3B7006005F050780911000F8D9FFD01DF44F3BC006005F06088031
:20BE8000911000F8D9FFD00DEC423C143BD006005F060880911000F8D9FFE00DEC423C0A06
:20BEA0003BE006005F060780911000F8D9FFF00DEC423B2007005F070880911000F8D9FF18
:20BEC000B0FDEC443C0A3B3007005F070780911000F8D9FFC00DEC443B8007003E043BB083
:20BEE0001A007E07911000F8D9FFE01DF45F3C5A3BE007007E07911000F8D9FFC82DF45FEC
:20BF00003C513B4008007E07911000F8D9FFDC2DF45F3C483BA008007E07911000F8D9FF62
:20BF2000F02DF45F3C3F3B0009007E07911000F8D9FFC43DF45F3C363B6009007E0791104C
:20BF400000F8D9FFD83DF45F3C2D3BC009007E07911000F8D9FFEC3DF45F3C243B200A0005
:20BF60007E07911000F8D9FFC04DF45F3C1B3B800A007E07911000F8D9FFD44DF45F3C1297
:20BF80003BE00A007E07911000F8D9FFE84DF45F3C093B400B007E06911000F8D9FFF41D2D
:20BFA000F45F1D0024023BC00C005F050880911000F8D9FFFC6DF44F3C283BD00C005F05FC
:20BFC0000880911000F8D9FFCC7DF44F3C1E3BE00C005F050880911000F8D9FFDC7DF44F62
:20BFE0003C143BF00C005F050880911000F8D9FFEC7DF44F3C0A3B000D005F050780911097
:20C0000000F8D9FFFC7DF44F3B200D005F060880911000F8D9FFCC6DEC423C143B300D009F
:20C020005F060880911000F8D9FFDC6DEC423C0A3B400D005F060780911000F8D9FFEC6DA7
:20C04000EC423B800D005F070880911000F8D9FFFC5DEC443C283B900D005F070880911037
:20C0600000F8D9FFFC4DEC443C1E3BA00D005F070880911000F8D9FFCC5DEC443C143BB042
:20C080000D005F070880911000F8D9FFDC5DEC443C0A3BC00D005F070780911000F8D9FF1F
:20C0A000EC5DEC443BE00D003E043BB01A007E07911000F8D9FFCC8DF45F3C483B400E00E9
:20C0C0007E07911000F8D9FFE08DF45F3C3F3BA00E007E07911000F8D9FFF48DF45F3C360A
:20C0E0003B000F007E07911000F8D9FFC89DF45F3C2D3BC00F007E07911000F8D9FFDC9D66
:20C10000F45F3C243B2010007E07911000F8D9FFF09DF45F3C1B3B8010007E07911000F8EB
:20C12000D9FFC4ADF45F3C123BE010007E07911000F8D9FFD8ADF45F3C093B4011007E06C7
:20C14000911000F8D9FFECADF45F1D0050013B2013005F050880911000F8D9FFE0CDF44F59
:20C160003C0A3B3013005F050780911000F8D9FFD0CDF44F3B8013005F060880911000F86B
:20C18000D9FFF0BDEC423C143BA013005F060880911000F8D9FFC0CDEC423C0A3B90130071
:20C1A0005F060780911000F8D9FFE0BDEC423BE013005F070880911000F8D9FFC0BDEC441D
:20C1C0003C0A3BF013005F070780911000F8D9FFD0BDEC443B4014003E043BB01A007E0765
:20C1E000911000F8D9FFF0CDF45F3C5A3BA014007E07911000F8D9FFC4DDF45F3C513B0087
:20C2000015007E07911000F8D9FFD8DDF45F3C483B6015007E07911000F8D9FFECDDF45FC5
:20C220003C3F3B7015007E07911000F8D9FFC0EDF45F3C363BC015007E07911000F8D9FF55
:20C24000D4EDF45F3C2D3BD015007E07911000F8D9FFE8EDF45F3C243B2016007E0791102C
:20C2600000F8D9FFFCEDF45F3C1B3B8016007E07911000F8D9FFD0FDF45F3C123BE01600F5
:20C280007E07911000F8D9FFE4FDF45F3C093B4017007E06911000F8D9FFF8FDF45F1D0043
:20C2A000A6003B8019005F050880911000F8D9FF3C1EF44F3C1E3B9019005F05088091103F
:20C2C00000F8D9FF0C2EF44F3C143BA019005F050880911000F8D9FF1C2EF44F3C0A3BB0B2
:20C2E00019005F050780911000F8D9FF2C2EF44F3BE019005F060880911000F8D9FF0C1E70
:20C30000EC423C143BF019005F060880911000F8D9FF1C1EEC423C0A3B001A005F0607800E
:20C32000911000F8D9FF2C1EEC423B401A005F070880911000F8D9FF1C0EEC443C1E3B50E1
:20C340001A005F070880911000F8D9FF2C0EEC443C143B601A005F070880911000F8D9FF96
:20C360003C0EEC443C0A3B701A005F070780911000F8D9FF0C0EEC443BC01B003E043BB04D
:20C380001A007E07911000F8D9FF383EF45F3C2D3B401D007E07911000F8D9FF204EF45F0C
:20C3A0003C243B501D007E07911000F8D9FF0C4EF45F3C1B3B601B007E07911000F8D9FFCF
:20C3C000243EF45F3C123B001B007E07911000F8D9FF103EF45F3C093BA01A007E0691100E
:20C3E00000F8D9FF3C2EF45F3C010090025F370448406DFF4AC9402F40F46DFF0BFB91108A
:20C400000027D922C42C542082013710010089F0201989FF24193C0109FF4218370FE3F19B
:20C420006EFC40F46DFFF6FA91100027D922C42C542F8210370F01F089FF2019DA0089FFE0
:20C4400024193C0109FF4218370FE3F16EFC3C0109FF41186F3FFE7FBBF0FFFF89FF141955
:20C4600009FF10293C01370F68203C010090025F0268370448406DFF08C9402F91100027A1
:20C48000D922C42C542082013710010089F0201940F46DFFBFFA89FF24193C0109FF421803
:20C4A0001607EEFD91100027D922C42C542F8210370F01F089FF201989F824193C0109FFB1
:20C4C00042181607EEFD3C0109FF41186F3FFE7FBBF0FFFF89FF14190090A002DA005F4F19
:20C4E0002100DA015F4F2300DA025F4F2500DA035F4F2700DA045F4F2900DA055F4F2B00A1
:20C50000DA065F4F2D00DA085F4F2F00DA095F4F3100DA0A5F4F3300DA0B5F4F35003C38DE
:20C5200091100027D922CC2C3C3391100027D922D07C3C2E91100027D922FC8C3C29911007
:20C540000027D922E8AC3C2491100027D922D4CC3C1F91100027D922C0EC3C1A911000277A
:20C56000D922ECFC3C1591100027D922181D3C1091100027D922043D3C0B91100027D92235
:20C58000F83C3C0691100027D922E45C3C013C01009020200B4510A80B7610884DC0E2FFC9
:20C5A000370FE1F78B0F20C23C010D00400300003C013C01370A48406DFFFFA59110004719
:20C5C000D944304D40256DFFEDA902A46D00E002911000F7D9FF304DDA0289FF2C0891103F
:20C5E00000F7D9FF304DDA04ACF4911000F7D9FF304D4B0B61F16CF1911000F7D9FF304D92
:20C60000DA072CFAA00FF4AFA00FF80449A4180A49A5080A0BA9104802866D002800DA10F4
:20C620002CACDA8089AF1C08DA0089AF1D08911000F7D9FF304D49A2000AE8A202A46DFFB7
:20C640004EFF91100057D955304D40246DFF62A7820502A46D007202820502A46D002E0437
:20C6600002CF6E030D0000030090DA005F4F2200DA015F4F5300DA025F4FD700DA035F4F66
:20C680003701DA045F4F9701DA055F4FA601DA065F4FD001DA085F4FE701DA095F4FF501AC
:20C6A000DA0A5F4F0302DA0B5F4F35021D004402F658911000F8D9FF301D80FF744F3C1B11
:20C6C000DF150980911000F8D9FF002D80FF744F3C12DF250980911000F8D9FF102D80FFF5
:20C6E000744F3C09DF350880911000F8D9FF202D80FF744FF668911000F8D9FF101D80FF1B
:20C70000745F3C09DF160880911000F8D9FF201D80FF745F1D001102DF450980911000F80E
:20C72000D9FF106D80FF744F3C48DF550980911000F8D9FF206D80FF744F3C3FDF65098099
:20C74000911000F8D9FF306D80FF744F3C36DF750980911000F8D9FF007D80FF744F3C2DA1
:20C76000DA087E58911000F8D9FF107D80FF744F3C24DA097E58911000F8D9FF207D80FF1B
:20C78000744F3C1BDA0A7E58911000F8D9FF307D80FF744F3C12DA0B7E58911000F8D9FFEB
:20C7A000008D80FF744F3C09DA0C7E57911000F8D9FF108D80FF744FDF460980911000F813
:20C7C000D9FF304D80FF745F3C2DDF560980911000F8D9FF005D80FF745F3C24DF6609803D
:20C7E000911000F8D9FF105D80FF745F3C1BDF360980911000F8D9FF205D80FF745F3C1286
:20C80000DF760980911000F8D9FF305D80FF745F3C09DF260880911000F8D9FF006D80FFBB
:20C82000745F1D008A01DA0D7E58911000F8D9FF309D80FF744F3C2DDA0E7E58911000F880
:20C84000D9FF00AD80FF744F3C24DA0F7E58911000F8D9FF10AD80FF744F3C1BDA107E586B
:20C86000911000F8D9FF20AD80FF744F3C12DA117E58911000F8D9FF30AD80FF744F3C0954
:20C88000DA127E57911000F8D9FF00BD80FF744FDA0B7E68911000F8D9FF208D80FF745F2C
:20C8A0003C24DA097E68911000F8D9FF308D80FF745F3C1BDA0A7E68911000F8D9FF009DA0
:20C8C00080FF745F3C12DA0C7E68911000F8D9FF109D80FF745F3C09DA087E67911000F8D7
:20C8E000D9FF209D80FF745F1D002701DA137E58911000F8D9FF10CD80FF744F3C36DA1459
:20C900007E58911000F8D9FF20CD80FF744F3C2DDA157E58911000F8D9FF30CD80FF744FC3
:20C920003C24DA167E58911000F8D9FF00DD80FF744F3C1BDA177E58911000F8D9FF10DDC5
:20C9400080FF744F3C12DA187E58911000F8D9FF20DD80FF744F3C09DA197E57911000F829
:20C96000D9FF30DD80FF744FDA0E7E68911000F8D9FF10BD80FF745F3C1BDA0F7E6891106B
:20C9800000F8D9FF20BD80FF745F3C12DA0D7E68911000F8D9FF30BD80FF745F3C09DA109E
:20C9A0007E67911000F8D9FF00CD80FF745F1D00C400DA1A7E57911000F8D9FF10ED80FF6B
:20C9C000744FDA117E67911000F8D9FF00ED80FF745F1D00B200DA1B7E58911000F8D9FF09
:20C9E00010FD80FF744F3C09DA1C7E57911000F8D9FF20FD80FF744FDA127E68911000F89D
:20CA0000D9FF20ED80FF745F3C12DA137E68911000F8D9FF00FD80FF745F3C09DA147E67E6
:20CA2000911000F8D9FF30ED80FF745F1D008500DA1D7E57911000F8D9FF500D80FF744F98
:20CA4000DA157E68911000F8D9FF30FD80FF745F3C09DA167E67911000F8D9FF400D80FFBA
:20CA6000745F3C6ADA1E7E57911000F8D9FF700D80FF744FDA177E67911000F8D9FF600D8C
:20CA800080FF745F3C59DA1F7E57911000F8D9FF501D80FF744FDA187E67911000F8D9FF79
:20CAA000401D80FF745F3C48DA207E58911000F8D9FF303D80FF744F3C09DA217E5791109D
:20CAC00000F8D9FF004D80FF744FDA197E68911000F8D9FF302D80FF745F3C1BDA1A7E68CD
:20CAE000911000F8D9FF003D80FF745F3C12DA1B7E68911000F8D9FF103D80FF745F3C09B8
:20CB0000DA1C7E67911000F8D9FF203D80FF745F3C13DA227E57911000F8D9FF204D80FF9D
:20CB2000744FDA1D7E67911000F8D9FF104D80FF745F3C023C0100900258911000F7D9FF61
:20CB4000304DD4FF370448406DFF37A391100047D944304D40256DFF25A740F46DFFB8A362
:20CB6000370868F06E03DA013C02DA0009F0431837F001F289FF031876850C2196042C219A
:20CB80003C050C21B70F01F12C210090DA005F4F2200DA015F4F4100DA025F4F6000DA0357
:20CBA0005F4F7F00DA045F4F9E00DA055F4FBD00DA065F4FDC00DA085F4FFB00DA095F4F4E
:20CBC0001901DA0A5F4F3701DA0B5F4F55011D007401911000F7D9FF304D91100027D92246
:20CBE000D03CE8C2911000F7D9FF304D91100027D922E82CE8E2911000F7D9FF304DDA0129
:20CC000089FFAE08911000F7D9FF304DDA0189FFB4081D005201911000F7D9FF304D9110CC
:20CC20000027D922D48CE8C2911000F7D9FF304D91100027D922EC7CE8E2911000F7D9FF76
:20CC4000304DDA0189FFAE08911000F7D9FF304DDA0189FFB4081D003001911000F7D9FF74
:20CC6000304D91100027D922C0ACE8C2911000F7D9FF304D91100027D922D89CE8E29110CF
:20CC800000F7D9FF304DDA0189FFAE08911000F7D9FF304DDA0189FFB4081D000E01911056
:20CCA00000F7D9FF304D91100027D922ECBCE8C2911000F7D9FF304D91100027D922C4BCE3
:20CCC000E8E2911000F7D9FF304DDA0189FFAE08911000F7D9FF304DDA0189FFB4081D005B
:20CCE000EC00911000F7D9FF304D91100027D922D8DCE8C2911000F7D9FF304D9110002785
:20CD0000D922F0CCE8E2911000F7D9FF304DDA0189FFAE08911000F7D9FF304DDA0189FF3C
:20CD2000B4081D00CA00911000F7D9FF304D91100027D922C4FCE8C2911000F7D9FF304D49
:20CD400091100027D922DCECE8E2911000F7D9FF304DDA0189FFAE08911000F7D9FF304D8B
:20CD6000DA0189FFB4081D00A800911000F7D9FF304D91100027D922300DE8C2911000F7A0
:20CD8000D9FF304D91100027D922080DE8E2911000F7D9FF304DDA0189FFAE08911000F7FE
:20CDA000D9FF304DDA0189FFB4081D008600911000F7D9FF304D91100027D9221C2DE8C2B9
:20CDC000911000F7D9FF304D91100027D922341DE8E2911000F7D9FF304DDA0189FFAE0882
:20CDE000911000F7D9FF304DDA0189FFB4083C64911000F7D9FF304D91100027D922084D82
:20CE0000E8C2911000F7D9FF304D91100027D922203DE8E2911000F7D9FF304DDA0189FF41
:20CE2000AE08911000F7D9FF304DDA0189FFB4083C43911000F7D9FF304D91100027D92201
:20CE4000FC4CE8C2911000F7D9FF304D91100027D922D44CE8E2911000F7D9FF304DDA017E
:20CE600089FFAE08911000F7D9FF304DDA0189FFB4083C22911000F7D9FF304D9110002755
:20CE8000D922E86CE8C2911000F7D9FF304D91100027D922C06CE8E2911000F7D9FF304D06
:20CEA000DA0189FFAE08911000F7D9FF304DDA0189FFB4083C0100900258911000F7D9FFB6
:20CEC000304DD4FF370448406DFF77A191100047D944304D40256DFF65A540F46DFF0EA20E
:20CEE000370868F06E03DA013C02DA0009F0431837F081F389FF031876850C2196042C2196
:20CF00003C050C21B70F01F12C210090200834A56DFFE5FA3C01D42F08EF161F3C01EEFC2F
:0ECF2000D42449A5000A82146DFFE8A20090F7
:20CF3000588003F0648003F0708003F07C8003F0888003F0948003F0A08003F0AC8003F039
:20CF5000B88003F0C48003F0D08003F0DC8003F0E88703F0F48703F0588A03F0648A03F047
:20CF7000988C03F0A48C03F0F88D03F0048E03F0D88E03F0E48E03F0B88F03F0C48F03F02C
:20CF9000548003F0608003F06C8003F0788003F0848003F0908003F09C8003F0A88003F0F9
:20CFB000B48003F0C08003F0CC8003F0D88003F0E48703F0F08703F0548A03F0608A03F007
:20CFD000948C03F0A08C03F0F48D03F0008E03F0D48E03F0E08E03F0B48F03F0C08F03F0EC
:20CFF000508003F05C8003F0688003F0748003F0808003F08C8003F0988003F0A48003F0B9
:20D01000B08003F0BC8003F0C88003F0D48003F0E08703F0EC8703F0508A03F05C8A03F0C6
:20D03000908C03F09C8C03F0F08D03F0FC8D03F0D08E03F0DC8E03F0B08F03F0BC8F03F0AC
:20D05000000600F000AE03F00100000000000000000600F000AF03F003000000010000008C
:20D07000000600F000AE03F00000000090000000000600F000AE03F0010000009000000051
:20D09000000600F000AF03F00200000090000000000600F000AF03F003000000900000002B
:20D0B000000A2CF000A003F00400000000000000000A2CF000A003F00800000001000000E1
:20D0D000000A2CF000AD03F00000000002000000000A2CF000AD03F00100000003000000AE
:20D0F000000A2CF000A003F00800000098000000000A2CF000AD03F0000000009000000071
:20D11000000B2CF000B503F00200000004000000000B2CF000B503F00500000098000000BE
:20D13000000700F000AF03F00100000000000000000700F000AF03F00500000001000000A6
:20D15000000700F000B403F00900000002000000000700F000AB03F00A0000000400000073
:20D17000000700F000C103F00D00000005000000000700F000A203F003000000060000004D
:20D19000000700F000A203F00200000090000000000700F000AB03F00C0000009000000030
:20D1B000000700F000AF03F00000000090000000000700F000AF03F001000000900000000C
:20D1D000000700F000AF03F00400000090000000000700F000AF03F00500000090000000E4
:20D1F000000700F000B403F00A00000090000000000700F000C103F00C00000090000000A0
:20D21000000700F000C103F00D00000090000000000800F000AE03F003000000000000001A
:20D23000000800F000A203F00100000001000000000800F000AA03F00600000003000000B1
:20D25000000800F000C103F00800000004000000000800F000A203F0000000000600000073
:20D27000000800F000A203F00000000090000000000800F000AA03F0050000009000000057
:20D29000000800F000AE03F00200000090000000000800F000AE03F0030000009000000027
:20D2B000000800F000C103F00800000090000000000800F000C103F00900000090000000D5
:20D2D000000900F000AF03F00700000000000000000900F000B403F00300000002000000F7
:20D2F000000900F000A003F00100000004000000000900F000B503F00600000005000000E1
:20D31000000900F000A003F00000000098000000000900F000A003F00100000090000000BC
:20D33000000900F000AF03F00600000090000000000900F000AF03F007000000900000007A
:20D35000000900F000B403F00000000090000000000900F000B403F003000000900000005A
:20D37000000900F000B503F00700000090000000000A00F000A003F00C00000000000000CC
:20D39000000A00F000A003F009000000A8000000000B00F000A003F00600000000000000AB
:20D3B000000B00F000C103F00400000001000000000B00F000B603F0030000000200000000
:20D3D000000B00F000A003F00700000090000000000B00F000B603F00200000090000000E2
:20D3F000000C00F000B603F00000000004000000000C00F000B703F00100000005000000C8
:20D41000000C00F000B603F000000000B8000000000E00F000C103F00600000003000000E4
:20D43000000E00F000C103F007000000A0000000000F00F000B403F00600000004000000D3
:20D45000000F00F000B403F00700000090000000000600F000000000000700F00100000091
:20D47000000800F002000000000900F003000000000A00F004000000000B00F005000000A8
:20D49000000C00F006000000000D00F007000000000E00F008000000000F00F00900000068
:20D4B000000A2CF00A000000000B2CF00B000000000C2CF00C000000000D2CF00D00000090
:20D4D000000E2CF00E000000000F2CF00F00000000102CF01000000000112CF01100000050
:20D4F00000122CF01200000000132CF01300000000142CF01400000000152CF01500000010
:20D5100000162CF01600000000172CF017000000B08503F0F08503F0308603F00000000030
:20D5300000000000000800000000000000000000000000000003000020A10700401F0300A6
:20D550000000030A40420F00401F03000100030A00000000020200000000000000020000A7
:20D57000000000000000000000000000000000000000000000008000000100020003000411
:20D59000400400000000000000000000000000000000000000000000000000000000000037
:20D5B00000000000000000000000000000000000000000000000000000000000000000005B
:20D5D00000000000000000000000000000000000000000000000000000000000000000003B
:20D5F00000000000000000000000000000000000000000000000000000000000000000001B
:20D610000000000000010000000020F00000000000B403F00700000001000000000020F02A
:20D630000200000000AF03F00100000000000000000021F00000000000AD03F00100000083
:20D6500003000000000020F00000000000B403F008000000A8000000000020F0020000003E
:20D6700000AF03F000000000A8000000000021F00000000000AD03F000000000B8000000E7
:20D69000000020F000000000000021F001000000000022F002000000000000000000000044
:20D6B0000000000000000000000000000000000000000000000000000000010000010F0049
:20D6D000010F0000000000000000000000000000000102030000000000000000010002031E
:20D6F00000000000000000000102000300000000000000000102030000000000000000000E
:20D710000000000000010203000000000000000001000203000000000000000001020003E7
:20D730000000000000000000010203000000000000000000000000000001020300000000CD
:20D750000000000001000203000000000000000001020003000000000000000001020300A7
:20D77000000000000000000000000000000000000000000000000000000000000000000099
:20D7900000000000BD37863500000000BD37863500000000BD37863500000000BD378635BD
:20D7B000000000000100000000000100010000000000010001000000000001000000000053
:20D7D0008096984B000000000000000000000000000000000000000000AF03F00600000098
:20D7F000060000000001000000AF03F007000000050000000002000000AF03F008000000B8
:20D81000050000000003000000B503F00500000006000000000004000000000000A203F0A4
:20D830000000000088000000000104000100000000A203F001000000880000000002040026
:20D850000200000000A203F00200000088000000000304000300000000A203F003000000F5
:20D8700088000000608124F002388700FFFFFFFF648124F066D00000FFFFFFFF688124F036
:20D8900002380700FFFFFFFF6C8124F026980000FFFFFFFF248124F0C9000000FFFFFFFF02
:20D8B000088124F001003630FFFFFFFF0C8124F00807690BFFFFFFFF288124F08E042101C7
:20D8D000FFFFFFFF488124F0B6730835FFFFFFFF4C8124F0466C9402FFFFFFFF088124F03B
:20D8F00002003630FFFFFFFF108124F03B033600FFFFFFFF148124F01008690BFFFFFFFF6E
:20D91000508124F00E710834FFFFFFFF548124F0446C9402FFFFFFFF188124F00900360044
:20D93000FFFFFFFF1C8124F00808690BFFFFFFFF208124F0941C2300FFFFFFFF588124F039
:20D95000B622081BFFFFFFFF5C8124F0466C9402FFFFFFFF2C8124F034040000FFFFFFFF96
:20D97000308124F0825A0000FFFFFFFF348124F009090712FFFFFFFF0800000074D8008036
:20D99000ACC5A73702000000D4D80080ACC5A7370D000000ECD80080ACC5A7370300000008
:20D9B00088D9008016000000BCD90080608124F002388700FFFFFFFF648124F066D000006A
:20D9D000FFFFFFFF688124F002380700FFFFFFFF6C8124F026980000FFFFFFFF248124F08D
:20D9F000C9000000FFFFFFFF0C8124F00807690BFFFFFFFF288124F08E042101FFFFFFFFC5
:20DA1000488124F0B6730835FFFFFFFF4C8124F0466C9402FFFFFFFF088124F0020036308D
:20DA3000FFFFFFFF108124F03B033600FFFFFFFF148124F01008690BFFFFFFFF508124F0AF
:20DA50000E710834FFFFFFFF548124F0446C9402FFFFFFFF188124F009003600FFFFFFFFEC
:20DA70001C8124F00808690BFFFFFFFF208124F0941C2300FFFFFFFF588124F0B622081BF9
:20DA9000FFFFFFFF5C8124F0466C9402FFFFFFFF2C8124F034040000FFFFFFFF308124F08B
:20DAB000825A0000FFFFFFFF348124F009090712FFFFFFFF001C00F000B403F00C000000CF
:20DAD00000000000001C00F000B403F00C000000A0000000001C00F000B403F00E00000016
:20DAF00098000000001C00F000B403F00B00000098000000001C00F000B403F00D00000068
:20DB1000A8000000001C00F00000000000B403F00800000098000000001C00F00D000000E1
:20DB300000AF03F00000000098000000001C00F00100000000B403F0090000009800000046
:20DB5000001C00F00200000000B403F00D00000098000000001C00F00300000000AB03F0AE
:20DB70000A00000098000000001C00F00400000000AB03F00B00000098000000001C00F096
:20DB90000500000000AB03F00200000098000000001C00F00600000000B403F00A00000075
:20DBB00098000000001C00F00700000000C103F00500000090000000001C00F0080000004D
:20DBD00000B403F00600000098000000001C00F00900000000B403F0030000009800000099
:20DBF000001D00F000AA03F00100000000000000001D00F000AB03F00300000001000000BB
:20DC1000001D00F000AA03F00100000090000000001D00F000AA03F0030000009800000074
:20DC3000001D00F000AB03F00900000098000000001D00F000AA03F0020000009800000044
:20DC5000001D00F000AB03F00600000098000000001D00F00000000000B403F008000000AF
:20DC7000A0000000001D00F00A00000000AA03F00000000098000000001D00F0010000009A
:20DC900000B403F009000000A0000000001D00F00200000000B403F00D000000A0000000C1
:20DCB000001D00F00300000000AB03F00A000000A0000000001D00F00400000000AB03F04D
:20DCD0000B000000A0000000001D00F00500000000AB03F002000000A0000000001D00F02A
:20DCF0000600000000C103F00A00000090000000001D00F00700000000C103F005000000F3
:20DD100098000000001D00F00800000000AA03F00400000098000000001D00F009000000F7
:20DD300000AA03F005000000A0000000001E00F000AF03F00400000000000000001E00F0CF
:20DD500000AF03F00700000001000000001E00F000B503F00200000002000000001E00F041
:20DD700000B503F00300000002000000001E00F000AF03F00200000004000000001E00F022
:20DD900000AD03F00300000098000000001E00F000AF03F00500000098000000001E00F0DD
:20DDB00000AF03F00600000098000000001E00F000AD03F00000000098000000001E00F0BF
:20DDD00000AD03F00100000098000000001E00F000AF03F00300000098000000001E00F0A1
:20DDF00000AF03F006000000A8000000001E00F000AF03F00800000098000000001E00F065
:20DE10000000000000AF03F00200000098000000001E00F00100000000AE03F00200000004
:20DE300098000000001E00F00200000000AE03F00600000098000000001E00F003000000DA
:20DE500000AE03F00300000098000000001E00F00500000000AF03F0010000009800000028
:20DE7000001E00F00600000000C103F00D000000A0000000001E00F00700000000B403F061
:20DE90000A000000A0000000001E00F00800000000B403F006000000A0000000001E00F057
:20DEB0000900000000B403F003000000A0000000001F00F000A203F0050000000000000056
:20DED000001F00F000A103F00500000002000000001F00F000A103F006000000A00000003F
:20DEF000001F00F000A203F00600000098000000001F00F000AA03F0060000009800000086
:20DF1000001F00F000A103F007000000A0000000001F00F000A203F0070000009800000064
:20DF3000001F00F00000000000A203F00400000098000000001F00F00100000000A203F0EC
:20DF50000000000098000000001F00F00200000000A203F00100000098000000001F00F0CB
:20DF70000300000000A003F00500000098000000001F00F00300000000A203F002000000B5
:20DF900098000000001F00F00400000000A003F002000000B0000000001F00F0040000006E
:20DFB00000A203F00300000098000000001F00F00500000000A203F00800000090000000E0
:20DFD000001F00F00600000000A003F00800000090000000001F00F00700000000A003F048
:20DFF0000900000090000000001F00F00800000000AA03F00500000098000000002000F017
:20E0100000C103F00D00000000000000002000F000B603F00100000001000000002000F064
:20E0300000B503F00200000002000000002000F000B503F00300000002000000002000F057
:20E0500000B603F003000000A0000000002000F000B603F00000000098000000002000F003
:20E0700000C103F00C00000098000000002000F000B603F000000000A0000000002000F0CF
:20E0900000B603F001000000A0000000002000F000B603F00300000098000000002000F0C2
:20E0B00000C103F00B00000098000000002000F00000000000C103F00A0000009800000093
:20E0D000002000F00100000000C103F00900000098000000002000F00200000000C103F004
:20E0F0000800000098000000002000F00300000000B603F00200000098000000002000F00A
:20E110000700000000A203F00100000090000000002000F00700000000C103F007000000F0
:20E1300098000000001C00F000000000001D00F001000000001E00F002000000001F00F0FE
:20E1500003000000002000F004000000010102030405060608080A0A0C0C0C0F0000003FE6
:20E170000000803F0000A03F0000C03F0000004000002040002D31010100001D0500001FB1
:20E190000101000017B7513903000000F4E1008013012307FF0FFF0F12021121BF0F3F3FD1
:20E1B000011200000F3F000032000000FF000000000000003F000000000000003F0000003F
:20E1D000000000003F000000000000003F000000E8E10080F0E10080050100003F070000CB
:02E1F00000002D
:12E1F400030017B7D138020017B7D138010017B7D1388E
:20E20800001000F000000000001100F001000000001200F002000000001300F003000000EA
:20E2280054D600808000000018D60080100000007CD600808000000040D600801000000036
:20E2480068D60080800000002CD6008010000000F4DA008080000000E4DA0080800000005A
:20E26800C4DA00800800000050DB008080000000000202020202020202020301010101022A
:20E288000202020202020202020202020202020202044040404040404040404040404040D0
:20E2A8004020202020202020202020404040404040408888888888880808080808080808A6
:20E2C800080808080808080808080808404040404040909090909090101010101010101076
:20E2E800101010101010101010101010404040400200000000000000000000000000000054
:20E308000000000000000000000000000000000000000000000000000000000000000000F5
:20E328000000000000000000000000000000000000000000000000000000000000000000D5
:20E348000000000000000000000000000000000000000000000000000000000000000000B5
:11E368000000000000000000000000000000000000A4
:20E37C0008000000001000F0913000FFD9FF0C9654FF370F6EF18FFF83813C01913000FFB8
:20E39C00D9FF28A654FF370F6EF18FFF83913C01913000FFD9FF0C9654FF2E1B8F2800F067
:20E3BC00960154F0370070088F000100A60F74FF8F2800F0960254F0370070088F0001003D
:20E3DC00A60F74FF54FFDA00B70F81F0CDCF20090D00C0040D00C004DA00B70F81F0CD0F41
:20E3FC0004090D00C0040D00C00491000000D900000091000080D988000091000090D999E3
:20E41C000000910000F8D9FF004080FFCD4FE20F0D00C004910003F8D9FF000E80FFCD0F15
:20E43C00E20F0D00C004914000F7D9FF80C980FFCD8FE20F0D00C004913000FFD9FF0C963E
:20E45C0054FF2E1B8F2800F0960154F0370070088F000100A60F74FF8F2800F0960354F097
:20E47C00370070088F000100A60F74FF54FF9130004FD9440C9602846DFFF0CD02946DFF46
:20E49C0008CE6D0035016DFF15CE6D00310102946DFF31CE9130004FD9440C9602846DFF37
:20E4BC000ECE911000F8D9FF4CCEDC0F3C00009091000010D91100003B0098F0CD4FE00FC9
:20E4DC000D00C004913000FF19F010167BD038F1260F6E03DA003C248FB01FF16E138FB0FD
:20E4FC001FF1913000FF19F018160F0FB0F18BFF01F1061F570062FF5E23DA013C02DA006D
:20E51C003C0FEF400400DA013C0B911088FF19FF000D370FE2F06E03DA013C02DA003C0139
:1AE53C001E17911000F8D9FF585EDC0F3C06911000F8D9FF7C5EDC0F009076
:20E55800910000F8D9FFD4872D0F2000910000F8D9FFE6C72D0F2000911000F8D9FF408EE2
:20E57800DC0F0090914000A7D9AA40890D008004914000F7D9FFC00991400027D922C00B8C
:20E5980040F4802080FFA2F0DA404BF0114282003C1E804FB70F1CF08F4F1F10804FBBF0D2
:20E5B800FF2F0662262F06AFA6F1F606CD81E30F0D00C0043C0274F19AD47E05CDC1E30FEB
:20E5D8000D00C004404F4944001AC2103F40E3FFDA0074FF0D0080040D00C004911000F8A1
:20E5F800D9FF5CBEDC0F0090914000A7D9AA40890D008004914000F7D9FFC00991400027E0
:20E61800D922C00B40F4802080FFA2F0DA404BF0114282003C1E804FB70F1CF08F4F1F1005
:20E63800804FBBF0FF2F0662262F06AFA6F1F606CD81E30F0D00C0043C0274F19AD47E0570
:20E65800CDC1E30F0D00C004404F4944001AC2103F40E3FFDA0074FF0D0080040D00C00439
:20E67800911000F8D9FF44AEDC0F0090913000FFD9FF0C9654FF370F6EF18FFF83413C01E3
:20E69800913000FFD9FF28A654FF370F6EF18FFF83F13C019130004FD9440C966DFF87CD36
:20E6B80002F46DFF9CCD91100048D944046E6DFF71C4DF12038000A0911000F8D9FF5CBEBF
:20E6D800DC0F0090911000F8D9FF68BEDC0F00909120884F910003FAD9FF004080F46DFF87
:0EE6F800A9CD911000F8D9FF04EEDC0F0090C0
:02E7080000907F
:20E70C0020100D0000036DFF26CA02246DFF7AC96DFF35CA02246DFFB9C991000047D94408
:20E72C0000006DFF17A591000047D944000082146DFF17A56DFFA4CD91100048D94404B853
:20E74C0091000058D95518303B001040A0068205A0076DFF1CE63C216DFF79D4910000F7E3
:20E76C00D9FF105454FF74AF910000F7D9FF145454FF7801910000F7D9FF185454FF7802AE
:20E78C00910000F7D9FF1C5454FF780391100048D9444CFE6DFFF0E33CE00090024F8204BD
:0EE7AC00370F68506DFFAEF302F23C01009093
:0EE7BC003C0200003CFF00906DFF8FD60090E5
:20E7CC00464C5F416363203D202566202C2046525F416363203D202566202C20524C5F4111
:19E7EC006363203D202566202C2052525F416363203D202566200D0A0091
:20E80800708603F0748603F0788603F07C8603F0808603F0848603F0888603F08C8603F038
:20E82800908603F0948603F0988603F09C8603F0A08603F0A48603F0A88603F0AC8603F018
:20E84800B08603F0B48603F0B88603F0BC8603F0C08603F0C48603F0C88603F0CC8603F0F8
:20E86800D08603F0D48603F0D88603F0DC8603F0E08603F0E48603F0E88603F0EC8603F0D8
:20E88800F08603F0F48603F0F88603F0FC8603F0008703F0048703F0088703F00C8703F0B4
:20E8A800108703F0148703F0188703F01C8703F0208703F0248703F0288703F02C8703F090
:20E8C800308703F0000000000000000000000000348703F0000000000000000000000000D8
:20E8E800388703F00000000000000000000000003C8703F0000000000000000000000000A8
:20E90800508703F0548703F0588703F05C8703F0608703F0648703F0688703F06C8703F02F
:20E9280000000000000000000000000000000000007E0370B0CA0070B0CA0070000000000A
:20E94800500000000900000000CB007000CB007000000000500000000A0001000000000085
:20E968000000000000000000FFFFFFFF06000200000000000000000000000000000000008B
:20E9880000000000000000000000000000000000000000000000000000000000000000006F
:20E9A80000000000000000000000000000000000000000000000000000000000000000004F
:20E9C80000000000000000000000000000000000000000000000000000000000000000002F
:20E9E80000000000000000000000000000000000000000000000000000000000000000000F
:20EA08000000000000401C450000CA42000000000000000000000000000000000000000041
:20EA28000000000000000000000000000000000000000000000000000000000000000000CE
:20EA48000000000000000000000000000000000000000000AAAAAAAA000000000000000006
:20EA680000000000000000000000000000000000000000000000000000000000000000008E
:07EA8800000102030400007D
:20EA90000100000000000070E400008004000000010000000040007088EA008005000000E5
:20EAB00001000000084000700CEA008004000000010000000C4000708DEA0080010000005E
:20EAD000010000001040007010EA008010000000010000002040007008E800802001000079
:20EAF000010000004041007020EA008002000000010000004441007022EA00800200000004
:20EB1000010000004841007024EA008002000000010000004C41007026EA008002000000CB
:20EB3000010000005041007028EA00801200000001000000644100703AEA00800200000063
:20EB500001000000684100703CEA008002000000010000006C4100703EEA0080020000001B
:20EB7000010000007041007040EA008002000000010000007441007042EA008002000000E3
:20EB9000010000007841007044EA008002000000010000007C41007046EA008002000000AB
:20EBB000010000008041007028E900801000000001000000904100708EEA00800100000037
:20EBD000010000009441007038E90080D0000000010000006442007048EA0080180000008D
:20EBF000010000007C42007008EA008004000000010000008042007060EA0080280000003B
:20EC100002000000A8420070000000005507000002000000004A007000000000010000006F
:20EC300002000000044A0070000000000100000002000000084A007000000000828200003B
:20EC5000020000008CCC0070000000004100000002000000D0CC0070000000002500000066
:20EC700002000000F8CC00700000000041000000020000003CCD007000000000250000006D
:20EC90000200000064CD0070000000004100000002000000A8CD0070000000002500000074
:20ECB00002000000D0CD007000000000410000000200000014CE007000000000250000007B
:20ECD000020000003CCE007000000000410000000200000080CE0070000000002500000082
:20ECF00002000000A8CE0070000000004100000002000000ECCE007000000000250000008A
:20ED10000200000014CF007000000000410000000200000058CF007000000000250000008F
:20ED30000200000080CF0070000000004100000002000000C4CF0070000000002500000097
:20ED500002000000ECCF007000000000410000000200000030D0007000000000250000009E
:20ED70000200000058D000700000000041000000020000009CD000700000000025000000A5
:20ED900002000000C4D0007000000000410000000200000008D100700000000025000000AC
:20EDB0000200000030D1007000000000400000000000000000000000000000000000000090
:20EDD00002000000803F007000000000800000000000000000000000000000000000000072
:20EDF00002000000803F006000000000800000000000000000000000000000000000000062
:20EE100002000000803F005000000000800000000000000000000000000000000000000051
:02000004802F4B
:0AE02000911000E8D9EEC47ADC0E7E
:0AE04000911000E8D9EED2BADC0E10
:0AE2C000911000E8D9EE7618DC0E8C
:0AE2E000911000E8D9EE0CD8DC0E16
:0AE30000911000E8D9EE7428DC0E3D
:0AE32000911000E8D9EE02F8DC0EBF
:0AE64000911000E8D9EE3809DC0E55
:0AE66000911000E8D9EE1A09DC0E53
:0AE68000911000E8D9EEFCF8DC0E62
:0200000480304A
:20000000910000F8D9FF00D30D00000202F4DC0F00000000000000000000000000000000BC
:20002000910000F8D9FF3CB30D00000202F4DC0F0000000000000000000000000000000080
:20004000910000F8D9FF38A30D00000202F4DC0F0000000000000000000000000000000074
:20006000910000F8D9FF349302F4DC0F000000000000000000000000000000000000000077
:20008000910000F8D9FF30830D00000202F4DC0F000000000000000000000000000000005C
:2000A000910000F8D9FF2C730D00000202F4DC0F0000000000000000000000000000000050
:2000C000910000F8D9FF06F30D00000202F4DC0F00000000000000000000000000000000D6
:2000E000910000F8D9FF04E30D00000202F4DC0F0090000000000000000000000000000038
:20010C0085F81001913000FFD9FF189654FF370F6EF18FFF83113C01914000A6D9AA4089E5
:20012C000D0080043B0098F0CD4FE00F0D00C004913000FFD9FF189654FF2E1B8F2100F001
:20014C00960154F0370070088F000100A60F74FF8F2100F0960254F0370070088F00010096
:20016C00A60F74FF54FFDA00B70F81F0CDCF20090D00C0040D00C004DA00B70F81F0CD0F93
:20018C0004090D00C0040D00C004910003F8D9FF000080FFCD4FE20F0D00C004910006F854
:2001AC00D9FF000E80FFCD0FE20F0D00C004914000F6D9FF80C980FFCD8FE20F0D00C004AB
:2001CC00913000FFD9FF189654FF2E1B8F2100F0960154F0370070088F000100A60F74FF4F
:2001EC0006218F3140F154F0370070088F000100A60F74FF54FF91000000D90000009100E2
:20020C000010D911000091000080D988000091000090D9990000914000F6D9FFC00991409A
:20022C000026D922C00B40F4802080FFA2F0DA404BF0114282003C1E804FB70F1CF08F4FDE
:20024C001F10804FBBF0FF2F0662262F06AFA6F1F606CD81E30F0D00C0043C0274F19AD494
:20026C007E05CDC1E30F0D00C004404F4944001AC2103F40E3FFDA0074FF0D0080040D004A
:20028C00C0046DE8523FBB7071FB9B1F8DF34BF241F04B0F71013C0185FF1001A28F3F0F4C
:2002AC00FDFF9140884F910006FAD9FF004080F46DE8C63F910003F8D9FF10B0DC0F3C00CC
:0202CC000090A0
:2002D0000D0000036DE8453C02246DE8993B91000047D94400006DE83B1791000047D94448
:1602F000000082146DE83B176DE8AE473C036DE821483CFE0090AA
:02000004805F1B
:0AE28000911000E8D9EE7808DC0EDA
:0AE2A000911000E8D9EE16B8DC0E6C
:0200000480601A
:20000000910000F8D9FF00D30D00000202F4DC0F00000000000000000000000000000000BC
:20002000910000F8D9FF3CB30D00000202F4DC0F0000000000000000000000000000000080
:20004000910000F8D9FF38A30D00000202F4DC0F0000000000000000000000000000000074
:20006000910000F8D9FF349302F4DC0F000000000000000000000000000000000000000077
:20008000910000F8D9FF30830D00000202F4DC0F000000000000000000000000000000005C
:2000A000910000F8D9FF2C730D00000202F4DC0F0000000000000000000000000000000050
:2000C000910000F8D9FF06F30D00000202F4DC0F00000000000000000000000000000000D6
:2000E000910000F8D9FF04E30D00000202F4DC0F0090000000000000000000000000000038
:20010C0085F81001913000FFD9FF249654FF370F6EF18FFF83113C01911000A5D9AA40850E
:20012C000D0080043B0098F0CD4FE00F0D00C004913000FFD9FF249654FF2E1B8F2100F0F5
:20014C00960154F0370070088F000100A60F74FF8F2100F0960254F0370070088F00010096
:20016C00A60F74FF54FFDA00B70F81F0CDCF20090D00C0040D00C004DA00B70F81F0CD0F93
:20018C0004090D00C0040D00C004910006F8D9FF000080FFCD4FE20F0D00C004910009F84E
:2001AC00D9FF000E80FFCD0FE20F0D00C004911000F5D9FF80C580FFCD8FE20F0D00C004E0
:2001CC00913000FFD9FF249654FF2E1B8F2100F0960154F0370070088F000100A60F74FF43
:2001EC0006218F3140F154F0370070088F000100A60F74FF54FF91000000D90000009100E2
:20020C000010D911000091000080D988000091000090D9990000911000F5D9FFC0059110FF
:20022C000025D922C00740F4802080FFA2F0DA404BF0114282003C1E804FB70F1CF08F4FE3
:20024C001F10804FBBF0FF2F0662262F06AFA6F1F606CD81E30F0D00C0043C0274F19AD494
:20026C007E05CDC1E30F0D00C004404F4944001AC2103F40E3FFDA0074FF0D0080040D004A
:20028C00C0046DD0523FBB7071FB9B1F8DF34BF241F04B0F71013C0185FF1001A28F3F0F64
:2002AC00FDFF9160884F910009FAD9FF004080F46DD0C63F910006F8D9FF10B0DC0F3C00BE
:0202CC000090A0
:2002D0000D0000036DD0453C02246DD0993B91000047D94400006DD03B1791000047D94490
:0E02F000000082146DD03B173C013C000090D2
:020000048090EA
:20000000910000F8D9FF00D30D00000202F4DC0F00000000000000000000000000000000BC
:20002000910000F8D9FF3CB30D00000202F4DC0F0000000000000000000000000000000080
:20004000910000F8D9FF38A30D00000202F4DC0F0000000000000000000000000000000074
:20006000910000F8D9FF349302F4DC0F000000000000000000000000000000000000000077
:20008000910000F8D9FF30830D00000202F4DC0F000000000000000000000000000000005C
:2000A000910000F8D9FF2C730D00000202F4DC0F0000000000000000000000000000000050
:2000C000910000F8D9FF06F30D00000202F4DC0F00000000000000000000000000000000D6
:2000E000910000F8D9FF04E30D00000202F4DC0F0090000000000000000000000000000038
:20010C0085F81001913000FFD9FF309654FF370F6EF18FFF83113C01911000A4D9AA408503
:20012C000D0080043B0098F0CD4FE00F0D00C004913000FFD9FF309654FF2E1B8F2100F0E9
:20014C00960154F0370070088F000100A60F74FF8F2100F0960254F0370070088F00010096
:20016C00A60F74FF54FFDA00B70F81F0CDCF20090D00C0040D00C004DA00B70F81F0CD0F93
:20018C0004090D00C0040D00C004910009F8D9FF000080FFCD4FE20F0D00C00491000AF84A
:2001AC00D9FF000E80FFCD0FE20F0D00C004911000F4D9FF80C580FFCD8FE20F0D00C004E1
:2001CC00913000FFD9FF309654FF2E1B8F2100F0960154F0370070088F000100A60F74FF37
:2001EC0006218F3140F154F0370070088F000100A60F74FF54FF91000000D90000009100E2
:20020C000010D911000091000080D988000091000090D9990000911000F4D9FFC005911000
:20022C000024D922C00740F4802080FFA2F0DA404BF0114282003C1E804FB70F1CF08F4FE4
:20024C001F10804FBBF0FF2F0662262F06AFA6F1F606CD81E30F0D00C0043C0274F19AD494
:20026C007E05CDC1E30F0D00C004404F4944001AC2103F40E3FFDA0074FF0D0080040D004A
:20028C00C0046DB8523FBB7071FB9B1F8DF34BF241F04B0F71013C0185FF1001A28F3F0F7C
:1002AC00FDFF910006F8D9FF10B0DC0F3C00009068
:02000004809FDB
:0AE50000911000E8D9EE24B9DC0EFA
:02000004A0005A
:20000000911000F8D9FF4C3EDC0F009000000000000000000000000000000000000000006A
:02000004A0302A
:0C010000910003F8D9FF0C40DC0F0090C8
:02000004A060FA
:0C010000910006F8D9FF0C40DC0F0090C5
:02000004A090CA
:0C010000910009F8D9FF0C40DC0F0090C2
:02000004AF400B
:200000003E0059B3000000A0ABBD6CD85442932700000000000000000000000000000000FA
:200020000000000000000000000000000000000000000000000000000000000000000000C0
:200040000000000000000000000000000000000000000000000000000000000000000000A0
:20006000000000000000000000000000000000000000000000000000000000000000000080
:20008000000000000000000000000000000000000000000000000000000000000000000060
:2000A000000000000000000000000000000000000000000000000000000000000000000040
:2000C000000000000000000000000000000000000000000000000000000000000000000020
:2000E000000000000000000000000000000000000000000000000000000000000000000000
:200100000000000000000000000000000000000000000000000000000000000000000000DF
:200120000000000000000000000000000000000000000000000000000000000000000000BF
:2001400000000000000000000000000000000000000000000000000000000000000000009F
:2001600000000000000000000000000000000000000000000000000000000000000000007F
:2001800000000000000000000000000000000000000000000000000000000000000000005F
:2001A00000000000000000000000000000000000000000000000000000000000000000003F
:2001C00000000000000000000000000000000000000000000000000000000000000000001F
:1401E000000000000000000000000000000000003412214361
:200200003E0059B3000000A0ABBD6CD85442932700000000000000000000000000000000F8
:200220000000000000000000000000000000000000000000000000000000000000000000BE
:2002400000000000000000000000000000000000000000000000000000000000000000009E
:2002600000000000000000000000000000000000000000000000000000000000000000007E
:2002800000000000000000000000000000000000000000000000000000000000000000005E
:2002A00000000000000000000000000000000000000000000000000000000000000000003E
:2002C00000000000000000000000000000000000000000000000000000000000000000001E
:2002E0000000000000000000000000000000000000000000000000000000000000000000FE
:200300000000000000000000000000000000000000000000000000000000000000000000DD
:200320000000000000000000000000000000000000000000000000000000000000000000BD
:2003400000000000000000000000000000000000000000000000000000000000000000009D
:2003600000000000000000000000000000000000000000000000000000000000000000007D
:2003800000000000000000000000000000000000000000000000000000000000000000005D
:2003A00000000000000000000000000000000000000000000000000000000000000000003D
:2003C00000000000000000000000000000000000000000000000000000000000000000001D
:1403E00000000000000000000000000000000000341221435F
:200400003E0059B3000000A0ABBD6CD85442932700000000000000000000000000000000F6
:200420000000000000000000000000000000000000000000000000000000000000000000BC
:2004400000000000000000000000000000000000000000000000000000000000000000009C
:2004600000000000000000000000000000000000000000000000000000000000000000007C
:2004800000000000000000000000000000000000000000000000000000000000000000005C
:2004A00000000000000000000000000000000000000000000000000000000000000000003C
:2004C00000000000000000000000000000000000000000000000000000000000000000001C
:2004E0000000000000000000000000000000000000000000000000000000000000000000FC
:200500000000000000000000000000000000000000000000000000000000000000000000DB
:200520000000000000000000000000000000000000000000000000000000000000000000BB
:2005400000000000000000000000000000000000000000000000000000000000000000009B
:2005600000000000000000000000000000000000000000000000000000000000000000007B
:2005800000000000000000000000000000000000000000000000000000000000000000005B
:2005A00000000000000000000000000000000000000000000000000000000000000000003B
:2005C00000000000000000000000000000000000000000000000000000000000000000001B
:1405E00000000000000000000000000000000000341221435D
:200600003E0059B3000000A0ABBD6CD85442932700000000000000000000000000000000F4
:200620000000000000000000000000000000000000000000000000000000000000000000BA
:2006400000000000000000000000000000000000000000000000000000000000000000009A
:2006600000000000000000000000000000000000000000000000000000000000000000007A
:2006800000000000000000000000000000000000000000000000000000000000000000005A
:2006A00000000000000000000000000000000000000000000000000000000000000000003A
:2006C00000000000000000000000000000000000000000000000000000000000000000001A
:2006E0000000000000000000000000000000000000000000000000000000000000000000FA
:200700000000000000000000000000000000000000000000000000000000000000000000D9
:200720000000000000000000000000000000000000000000000000000000000000000000B9
:20074000000000000000000000000000000000000000000000000000000000000000000099
:20076000000000000000000000000000000000000000000000000000000000000000000079
:20078000000000000000000000000000000000000000000000000000000000000000000059
:2007A000000000000000000000000000000000000000000000000000000000000000000039
:2007C000000000000000000000000000000000000000000000000000000000000000000019
:1407E00000000000000000000000000000000000341221435B
:201000003E0059B3000000A0ABBD6CD85442932700000000000000000000000000000000EA
:201020000000000000000000000000000000000000000000000000000000000000000000B0
:20104000000000000000000000000000000000000000000000000000000000000000000090
:20106000000000000000000000000000000000000000000000000000000000000000000070
:20108000000000000000000000000000000000000000000000000000000000000000000050
:2010A000000000000000000000000000000000000000000000000000000000000000000030
:2010C000000000000000000000000000000000000000000000000000000000000000000010
:2010E0000000000000000000000000000000000000000000000000000000000000000000F0
:201100000000000000000000000000000000000000000000000000000000000000000000CF
:201120000000000000000000000000000000000000000000000000000000000000000000AF
:2011400000000000000000000000000000000000000000000000000000000000000000008F
:2011600000000000000000000000000000000000000000000000000000000000000000006F
:2011800000000000000000000000000000000000000000000000000000000000000000004F
:2011A00000000000000000000000000000000000000000000000000000000000000000002F
:2011C00000000000000000000000000000000000000000000000000000000000000000000F
:1411E000000000000000000000000000000000003412214351
:201200003E0059B3000000A0ABBD6CD85442932700000000000000000000000000000000E8
:201220000000000000000000000000000000000000000000000000000000000000000000AE
:2012400000000000000000000000000000000000000000000000000000000000000000008E
:2012600000000000000000000000000000000000000000000000000000000000000000006E
:2012800000000000000000000000000000000000000000000000000000000000000000004E
:2012A00000000000000000000000000000000000000000000000000000000000000000002E
:2012C00000000000000000000000000000000000000000000000000000000000000000000E
:2012E0000000000000000000000000000000000000000000000000000000000000000000EE
:201300000000000000000000000000000000000000000000000000000000000000000000CD
:201320000000000000000000000000000000000000000000000000000000000000000000AD
:2013400000000000000000000000000000000000000000000000000000000000000000008D
:2013600000000000000000000000000000000000000000000000000000000000000000006D
:2013800000000000000000000000000000000000000000000000000000000000000000004D
:2013A00000000000000000000000000000000000000000000000000000000000000000002D
:2013C00000000000000000000000000000000000000000000000000000000000000000000D
:1413E00000000000000000000000000000000000341221434F
:201400003E0059B3000000A0ABBD6CD85442932700000000000000000000000000000000E6
:201420000000000000000000000000000000000000000000000000000000000000000000AC
:2014400000000000000000000000000000000000000000000000000000000000000000008C
:2014600000000000000000000000000000000000000000000000000000000000000000006C
:2014800000000000000000000000000000000000000000000000000000000000000000004C
:2014A00000000000000000000000000000000000000000000000000000000000000000002C
:2014C00000000000000000000000000000000000000000000000000000000000000000000C
:2014E0000000000000000000000000000000000000000000000000000000000000000000EC
:201500000000000000000000000000000000000000000000000000000000000000000000CB
:201520000000000000000000000000000000000000000000000000000000000000000000AB
:2015400000000000000000000000000000000000000000000000000000000000000000008B
:2015600000000000000000000000000000000000000000000000000000000000000000006B
:2015800000000000000000000000000000000000000000000000000000000000000000004B
:2015A00000000000000000000000000000000000000000000000000000000000000000002B
:2015C00000000000000000000000000000000000000000000000000000000000000000000B
:1415E00000000000000000000000000000000000341221434D
:201600003E0059B3000000A0ABBD6CD85442932700000000000000000000000000000000E4
:201620000000000000000000000000000000000000000000000000000000000000000000AA
:2016400000000000000000000000000000000000000000000000000000000000000000008A
:2016600000000000000000000000000000000000000000000000000000000000000000006A
:2016800000000000000000000000000000000000000000000000000000000000000000004A
:2016A00000000000000000000000000000000000000000000000000000000000000000002A
:2016C00000000000000000000000000000000000000000000000000000000000000000000A
:2016E0000000000000000000000000000000000000000000000000000000000000000000EA
:201700000000000000000000000000000000000000000000000000000000000000000000C9
:201720000000000000000000000000000000000000000000000000000000000000000000A9
:20174000000000000000000000000000000000000000000000000000000000000000000089
:20176000000000000000000000000000000000000000000000000000000000000000000069
:20178000000000000000000000000000000000000000000000000000000000000000000049
:2017A000000000000000000000000000000000000000000000000000000000000000000029
:2017C000000000000000000000000000000000000000000000000000000000000000000009
:1417E00000000000000000000000000000000000341221434B
:04000005A000000057
:00000001FF
